flag,vessel_name,mmsi,imo,rmi_eez_fishing_hours,tonga_eez_fishing_hours,nauru_eez_fishing_hours,vanuatu_eez_fishing_hours,hsp2_fishing_hours,hsp3_fishing_hours,hsp1_fishing_hours,usa2_eez_fishing_hours,hsp4_fishing_hours,hsp5_fishing_hours,usa_eez_fishing_hours,hsp7_fishing_hours,hsp6_fishing_hours,palau_eez_fishing_hours,fsm_eez_fishing_hours,kirbati2_eez_fishing_hours,png_eez_fishing_hours,fiji_eez_fishing_hours,tuvalu_eez_fishing_hours,kiribati1_eez_fishing_hours,solomon_islands_eez_fishing_hours
ALB,08106,201708106,,,,,,1204.1,,943.85,,,,,,,,,,,,,,
ALB,XIN MING CAI,201601665,,,,,,2640.31,,171.96,,,,,,,,2.04,,,,,,
AUS,D&D,503062760,,,,,83.43,,,,,,,,,,,,,,,,,
CHN,DAYANG6-2,412006002,,,,,,,,,,,,,,,,,,,368.82,,,
CHN,DONG YU 1521,412421095,,,,,,,,,,,,,22.86,291.1,,,1421.71,,,,741.84,
CHN,FENG XIANG 818,412439604,8996176,,,12.19,,,,,,,,,,,,74.01,,206.3,,,20.68,
CHN,GUANGYUANYU331,412549559,1016616,,,,,,,,,,,,184.43,88.2,,,470.04,,19.77,,,
CHN,GUANGYUANYU332,412549561,1016630,,3.69,,,,,,,,,,,,,,,,7.48,,,
CHN,GUANGYUANYU333,412549562,1016642,,,,,,,,,419.63,,,,,,,,,31.1,,872.1,
CHN,GUANGYUANYU335,412549563,1016678,,,,,,,,,,,,67.97,,,,,,22.74,,,
CHN,GUANGYUANYU336,412483615,,,6.98,,961.78,,,,,,245.74,,,,,,,,21.38,,,
CHN,GUANGYUANYU33603,412033603,,,,,1402.88,,,,,,358.7,,,,,,,,,,,
CHN,GUANGYUANYU33606,412033606,,,,,1474.28,,,,,,319.5,,,,,,,,0.0,,,
CHN,GUANGYUANYU338,412460084,,,10.69,,2005.22,,,,,,669.11,,,,,,,,23.59,,,
CHN,GUANGYUANYU339,412460083,,,,,297.99,,,,,290.78,901.27,,,,,,,,0.26,,1443.02,
CHN,GYY333-10,412333010,,,,,,,,,,546.25,,,,,,,,,,,1454.18,
CHN,GYY335-03,412335003,,,,,,,,,,,,,76.68,,,,,,,,,
CHN,GYY335-10,412335010,,,,,,,,,,,,,100.7,,,,,,,,,
CHN,GYY336-03,412336003,,,,,1456.2,,,,,,341.55,,,,,,,,,,,
CHN,GYY336-04,412336004,,,,,1506.55,,,,,,384.39,,,,,,,,0.0,,,
CHN,GYY338-01,412338001,,,,,1428.54,,,,,,217.9,,,,,,,,,,,
CHN,GYY338-03,412338003,,,,,642.51,,,,,,,,,,,,,,,,,
CHN,GYY339-02,412339002,,,,,167.19,,,,,236.29,500.05,,,,,,,,,,1569.51,
CHN,HAI XING 715,412420433,,,,,,,,,,,,,22.94,,,,328.13,,,,,
CHN,HAI XING 716,412420434,,,,,,,,,,,,,36.67,,,,,,,,,
CHN,HAI XING 718,412420436,,,,,,,,,,,,,,,,,276.27,,,,,
CHN,HAI XING 815,412420863,,,,,,,,,,,,,4.0,,,,295.55,,,,,
CHN,HAIXING717,412420435,,,,,,,,,,,,,11.45,,,,,,,,,
CHN,HAIXING817,412420865,,,,,,,,,,,,,63.625,,,,595.49,,,,,
CHN,HAO YANG 77,412217989,9038153,,,274.04,,,,,,,,,,,,,,,,40.89,563.78,42.44
CHN,HAO YANG 88,412217991,8608690,,,,,,,,,,,,,,,,,,,,348.53,
CHN,HNY 702,412464153,,1757.19,,,,,,,,,,,,,,,,,,,,
CHN,HNY717,412460004,,,,,,,,,,,,,214.49,,,,,,,,,
CHN,HNY721,412460007,,,,,,,,,,,,,,159.52,,1238.95,,,,,6.03,
CHN,HNY736,412460075,,,,,,,,,,,,,398.72,,,,,,,,,
CHN,HNY739,412460113,,,,,,,,,,,,,,15.2,,,,,,,1364.31,
CHN,HNY761,412465076,,3188.01,,,,,,,,,,,,,,,,,,,,
CHN,HONG YANG 8,412326798,,,,,,,,,,1735.1,38.05,,156.76,,,,,,33.2,,,
CHN,HONG YANG 88,412326873,,,,,18.5,,,,,177.98,56.84,,1799.05,680.51,,,,2249.14,9.23,,,21.28
CHN,HONG YANG 9,412326799,,,,,,,,,,,,,780.59,501.66,,,,,14.32,,,
CHN,HONGYANG11,412420871,,,,,,,,,,,,,11.01,,,,,,14.57,,,
CHN,HONGYANG8,412420875,,,,,,,2.63,,,,,,199.93,,,,377.43,,,,,
CHN,HONGYANG88,412420877,,,,,,,,,,,,,,,,,,,0.5,,,
CHN,HU YU 928,412371207,,,,,,,,,,429.22,24.33,,,17.35,,,784.95,,10.63,948.81,4348.32,
CHN,HU YU 929,412371208,,,,,,,,,,289.81,,,,143.82,,,526.93,,11.02,474.36,1164.63,
CHN,HUA NAN YU 702,412464153,,736.96,,,,,,,,,,,,,,0.05,,,,,,
CHN,HUA NAN YU 703,412464117,,936.94,,,,,,17.38,,,,,,,14.47,29.15,,,,,,
CHN,HUA NAN YU 705,412549143,9896878,2213.85,,,,,,,,,,,,,,7.78,,,,,,
CHN,HUA NAN YU 705,412549143,,396.24,,,,,,,,,,,,,,1.8,,,,,,
CHN,HUA NAN YU 711,412460052,,,,,,,2.24,,,,,,,,,0.06,,,,,,
CHN,HUA NAN YU 712,412460053,,,,,,,,,,,,,,143.95,,545.92,,,,,2.7,
CHN,HUA NAN YU 718,412460005,,,,,,,,,,4.68,,,,,,908.4,,,,,,
CHN,HUA NAN YU 719,412460006,,,,,,,0.47,,,,,,263.51,,,1.99,,,,,,
CHN,HUA NAN YU 736,412460075,,,,,,,,,,,,,128.45,,,,181.38,,,,,
CHN,HUA NAN YU 737,412460111,,,,,,,,,,,,,183.99,,,,,,,,,
CHN,HUA NAN YU 738,412460112,,11.0,,,,,,,,132.96,,,,256.91,,1881.09,,,,,,
CHN,HUA NAN YU 762,412465075,,2274.52,,,,,,,,,,,,,,,,,,,,
CHN,HUA NAN YU 766,412465077,,3204.04,,,,,,,,,,,,,,,,,,,,
CHN,HUA NAN YU 767,412465078,,3310.53,,,,,,,,,,,,,,,,,,,,
CHN,HUA NAN YU 768,412467335,,3872.14,,,,,,,,,,,,,,,,,,,,
CHN,HUA NAN YU 769,412467334,,2231.51,,,,,,,,,,,,,,2.12,,,,,,
CHN,HUA NAN YU703,412464117,,1749.91,,,,,,9.66,,,,,,,,,,,,,,
CHN,HUA NAN YU731,412460073,,,,,,,,,,157.65,,,,,,2825.58,,,,16.53,,
CHN,HUA NAN YU732,412460074,,,,,,,,,,,,,,,,1.1,251.96,,,0.22,,
CHN,HUANANYU723,412460009,,,,,,,,,,,,,225.21,,,,,,,,,
CHN,HUANANYU739,412460113,9707613,,,,,,,,,422.29,,,,,,,,,,,,
CHN,HUYU927,412371206,9784738,6.24,,,,,10.93,,0.43,217.64,,,,47.76,,,717.93,,,272.32,2997.53,
CHN,JIN FENG 5,412549294,9931032,,,,,,,,,70.79,,,47.18,,,,38.38,,,,173.4,
CHN,JIN FENG 58,412329644,8775780,,,,,,4.31,,,,,,,,,,,,,,,
CHN,JIN FENG 6,412549295,9931020,,,,,,2.16,,,71.15,,,49.95,57.68,,,83.9,,,,178.16,
CHN,JIN HAI758,412420984,,1.76,,,,,,,,,,,,,,,,,,,,
CHN,JIN HUI 58,412371222,,,,3.58,,,0.39,,,,,,,,,,1.23,,,66.08,262.01,
CHN,JIN HUI 68,412549273,9885702,,,11.86,,,,,,,,,,,,,,,,2.35,230.47,
CHN,JIN HUI 8,412371181,9676187,,,,,,2.6,,,,,,,,,,0.71,,,,216.28,
CHN,JIN HUI 9,412371182,9682825,,,202.13,,,,,,,,,,,,,0.17,130.5,,47.44,936.94,81.44
CHN,JIN HUI NO6,413224000,8924381,,,78.39,,,,,,,,,,,,0.06,,100.73,,91.79,511.43,
CHN,JIN SHENG NO3,412270001,,,,,,,5.39,,,512.11,,,4.69,25.73,,,540.74,,0.41,,773.8,
CHN,JIN XIANG 12,412201818,,,,,,,14.81,,,,,,331.2,252.4,,,,,5.34,,,
CHN,JIN YANG 808,413322620,,,,,,,,,,,,,,13.91,,,,,,,,
CHN,JING YUAN628,412331091,9784570,2.59,,,,,2.59,,,,,,,,,,,,,,,
CHN,JINSHENG8,412270059,,,,,,,,,,138.3,,,506.88,31.22,,,1399.45,,,,969.94,
CHN,JINXIANG11,412201817,,,,,,,2.82,,,,,,730.4,290.35,,,4.35,,6.83,,,
CHN,JINXIANG808,412209233,1038212,,,,,,,,,,,,164.61,163.69,,,1147.67,,,,997.43,
CHN,JINYANG809,413322630,,,,,,,,,,,,,,5.55,,,,,,,,
CHN,LIAOYUANYU101,412549221,,,,,,,,0.51,,214.65,26.04,,,,,,,3312.93,55.0,,,
CHN,LIAOYUANYU103,412549222,,,,,,,,,,210.88,21.14,,,,,,,3721.89,52.54,,,
CHN,LRYY616,412330102,,,,,777.37,,,,,820.7,729.275,,,,,,,,4.48,,,
CHN,LRYY937,412549102,,,,,10.7,,,,,337.23,0.71,,,,,,,4763.05,55.33,,,35.04
CHN,LU RONG YUAN YU 299,412329558,,,,,,,,,,479.18,,,,,,,,659.915,0.59,,,
CHN,LU RONG YUAN YU 57,412328731,,,,,2036.05,,,,,1118.5,253.1,,,,,,,,15.42,,,
CHN,LU RONG YUAN YU 58,412328732,,,,,3729.94,,,,,1743.28,407.36,,,,,,,,6.86,,,
CHN,LU RONG YUAN YU 617,412330103,,,,,973.91,,,,,1782.5,1036.56,,,,,,,,17.96,,,
CHN,LU RONG YUAN YU 619,412330105,,,,,1038.86,,,,,2027.14,876.07,,,,,,,,49.67,,,16.5
CHN,LU RONG YUAN YU 888,412329459,,,,,,,,,,131.54,238.12,,,,,,,4262.71,,,,
CHN,LU RONG YUAN YU 889,412329461,,,,,,,,,,0.02,,,,,,,,1128.88,,,,
CHN,LU RU YUAN YU 118,412549262,,,,,,,0.1,,,201.88,,,,579.02,,,,,,1646.68,738.9,
CHN,LURONGYUAN559,412333793,,,,,,,,,,165.68,,,,,,,,2256.83,,,,
CHN,LURONGYUANYU 598,412329418,,,,,,,,,,,,,,,,,,231.72,,,,
CHN,LURONGYUANYU137,412331011,,,,,931.1600000000001,,,,,699.245,509.93499999999995,,,,,,,,22.385,,,15.82
CHN,LURONGYUANYU139,412331013,,,,,959.42,,,,,1810.56,993.96,,,,,,,,31.68,,,
CHN,LURONGYUANYU205,412329422,,,,,,,,,,1176.84,275.48,,,,,,,3614.56,7.87,,,
CHN,LURONGYUANYU206,412329423,,,,,1.02,,,,,531.07,311.26,,,,,,,3977.53,23.61,,,
CHN,LURONGYUANYU207,412329424,,,,,50.14,,,,,803.29,12.12,,,,,,,4069.84,21.76,,,82.38
CHN,LURONGYUANYU208,412329425,,,,,,,,,,532.31,2.88,,,,,,,3484.92,20.05,,,2.21
CHN,LURONGYUANYU209,412331063,,,,,10.09,,,,,387.76,,,,,,,,3512.82,33.17,,,14.33
CHN,LURONGYUANYU210,412331064,,,,,,,,,,43.73,31.42,,,,,,,5728.82,26.6,,,0.06
CHN,LURONGYUANYU211,412331448,,,,,1362.12,,,,,,,,,,,,,,20.9,,,
CHN,LURONGYUANYU297,412331499,9834246,,,,,,,,,753.19,,,,,,,,2530.92,31.67,,,
CHN,LURONGYUANYU298,412329557,,,,,,,,,,387.42,,,,,,,,4635.45,36.42,,,
CHN,LURONGYUANYU315,412549312,,,,,,,,,,367.97,98.05,,,,,,,5695.04,27.2,,,
CHN,LURONGYUANYU316,412549313,,,,,,,,,,208.67,,,,,,,,3059.23,3.8,,,
CHN,LURONGYUANYU317,412549314,,,,,,,,,,129.56,,,,,,,,4017.09,12.2,,,
CHN,LURONGYUANYU326,412329416,,,,,,,,,,450.68,,,,,,,,5920.7,8.76,,,
CHN,LURONGYUANYU356,412549104,9891971,,,,,,,,,256.0,,,,,,,,3783.97,,,,
CHN,LURONGYUANYU357,412549105,9891983,,,,,,,,,362.16,,,,,,,,3554.07,,,,
CHN,LURONGYUANYU558,412333792,,,,,,,,,,204.11,,,,,,,,5254.53,7.15,,,
CHN,LURONGYUANYU559,412333793,,,,,,,,,,328.73,,,,,,,,3059.38,,,,
CHN,LURONGYUANYU56,412328729,,,,,3427.99,,,,,1712.09,223.49,,,,,,,,12.24,,,
CHN,LURONGYUANYU57,412328731,9691888,,,,863.42,,,,,668.15,349.07,,,,,,,,46.94,,,23.58
CHN,LURONGYUANYU589,412329417,,,,,,,,,,501.2,,,,,,,,5060.9,6.41,,,
CHN,LURONGYUANYU59,412328733,,,,,3716.24,,,,,1985.77,586.63,,,,,,,,3.04,,,
CHN,LURONGYUANYU596,412331166,1046623,,6.2,,,,,,,324.81,457.28,,,,,,,1872.49,13.97,,,0.06
CHN,LURONGYUANYU598,412329418,,,,,,,,,,48.06,,,,,,,,1408.9,9.24,,,
CHN,LURONGYUANYU618,412330104,,,,,565.41,,,,,1782.61,1504.25,,,,,,,,7.82,,,1.83
CHN,LURONGYUANYU659,412333795,,,,,,,,,,161.09,3.48,,,,,,,5663.04,4.76,,,
CHN,LURONGYUANYU758,412329427,,,,,,,,,,37.74,,,,,,,,6335.91,14.21,,,
CHN,LURONGYUANYU768,412329428,,,,,,,,0.26,,8.54,,,,,,,,2092.89,,,,
CHN,LURONGYUANYU769,412329429,,,,,,,,,,,,,,,,,,3020.42,15.99,,,
CHN,LURONGYUANYU776,412549261,9910856,,,,,,,,,18.28,,,1837.01,1337.3,,,,,6.18,2900.82,,
CHN,LURONGYUANYU778,412329431,,,,,,,,,,91.69,,,,,,,,5676.38,,,,0.97
CHN,LURONGYUANYU788,412329432,,,,,,,,,,322.39,,,,,,,,6135.93,,,,0.11
CHN,LURONGYUANYU789,412329433,,,,,,,,,,376.82,,,,,,,,4574.69,1.01,,,
CHN,LURONGYUANYU798,412328715,,,,,,,,,,,,,438.47,640.9,,,12.64,,8.23,1680.53,,
CHN,LURONGYUANYU800,412336912,,,,,,,,,,,529.74,,1573.59,121.27,,,,,17.36,,,
CHN,LURONGYUANYU900,412336913,,,,,,,,,,823.51,454.86,,2402.22,1368.29,,,,,1.18,1067.46,,
CHN,LURONGYUANYU938,412549103,,,,,0.1,,,,,394.54,,,,,,,,5353.24,13.68,,,
CHN,LURUYUANYU138,412549263,,,,,,,,,,174.54,,,,378.435,,,312.68,,,994.5049999999999,229.21499999999997,
CHN,LURUYUANYU669,412549268,,,,,1046.21,,,,,,,,,,,,,,,,,
CHN,LUYUAN23,412326875,,,,,,,,,,268.34,100.97,,,,,,,5128.01,21.82,,,2.47
CHN,LUYUAN24,412326876,,,,,,,,,,374.45,94.73,,,,,,,5046.75,15.75,,,
CHN,NAN,412328732,,,,,171.7,,,,,221.38,54.58,,,,,,,,,,,
CHN,NAN,412706139,,,,,,359.72,,143.12,,,,,,,,,,,,,,
CHN,NINGTAI717,412549269,8778770,,,,,,6.76,,,,,,,,,,,,,,,
CHN,PING TAI RONG 13,412420238,,,,,,,,,,,,,6.94,,,,,,,,,
CHN,PING TAI RONG 318,412421091,,,,,,,,,,,,,,,,,,,13.93,,,
CHN,PING TAI RONG 9,412420236,,,,,,,,,,,,,104.86,,,,,,,,,
CHN,PING TAIRONG 25,412420583,,,,,,,,,,,,,,,,,,,9.91,,,
CHN,PINGTAIRONG39,412420237,,,,,,,,,,,,,7.18,,,,,,,,,
CHN,PINGTAIRONG71,412420821,,,,,,,109.23,,,,,,,,,,,,,,,
CHN,PINGTAIRONG79,412420942,,,11.42,,,,,,,,,,,,,,,,8.39,,,
CHN,PINGTAIRONG89@B,412420946,,,,,,,,,,,,,,,,,,,5.41,,,
CHN,PTR31,412420239,,,,,,,,,,,,,4.4,,,,,,,,,
CHN,RONG HENG 13,412354269,8689230,,5.35,,,,,,,,,,,,,,,,0.6,,,
CHN,RONG HENG 87,412354264,8690356,,,,,,,,,,,,,,,,,,10.53,,,
CHN,RONGDAYANG19,412328797,,,,,,,,,,116.7,,,324.59,103.94,,,1181.5,,,2151.35,102.37,
CHN,RONGDAYANG28,412328796,9679696,,,,,,,,,130.84,,,,127.77,,,,,4.38,855.88,4.12,
CHN,RONGDAYANG28,412328796,,,,,,,,,,,,,123.81,,,,354.92,,,,,
CHN,RONGDAYANG29,412328795,,,,,,,,,,2.23,,,39.0,104.19,,,432.06,,,791.14,119.38,
CHN,RONGDAYANG9,413322630,,,,,1348.99,,,,,,,,,,,,,,,,,
CHN,RUNDA3,412328793,,,,,,,,,,53.91,433.38,,1074.49,1635.66,,,,,0.26,1984.5,,
CHN,SHEN GANG FA 15,412460281,,,,,,,,,,,,,,,,1054.03,,500.47,,,,
CHN,SHEN GANG FA 16,412460282,,,,,,,,,,,,,,,,1307.99,,1746.86,,,,
CHN,SHEN GANG FA 17,412460283,,,,,,,,,,,,,,,,330.63,,,,,,
CHN,SHEN GANG FA 18,412460284,,,,,,,,,,829.19,,,,,,1613.76,,1494.37,,,,
CHN,SHEN GANG FA 19,412460285,,,,,,,,,,48.36,,,,,,2332.84,,1500.67,,,,
CHN,SHEN GANG FA 715,412460286,,,,,,,,,,47.33,,,,,,4068.54,,1809.59,,,,
CHN,SHEN GANG FA 716,412460287,,,,,,,,,,48.1,,,,,,3372.0,,1604.48,,,,
CHN,SHEN GANG FA 718,412460288,,,,,,,,,,,,,,,,3245.92,,2130.14,,,,
CHN,SHEN GANG FA 719,412460289,,,,,,,,,,205.79,,,,,,1722.9199999999998,,901.6800000000001,,,,
CHN,SHEN LIAN CHENG 602,412549621,1076680,1616.56,,,,,,,,,,,,,,0.33,,,,,,
CHN,SHEN LIAN CHENG 603,412549622,1076707,1547.37,,,,,,,,,,,,,,,,,,,,
CHN,SHEN LIAN CHENG 710,412699440,,853.86,,,,,,,,,,,,,,11.99,,,,,,
CHN,SHEN LIAN CHENG 783,412474535,,1596.28,,,,,,,,,,,,,,,,,,,,
CHN,SHEN LIAN CHENG 784,412475079,,2700.02,,,,,,,,,,,,,,,,,,,,
CHN,SHEN LIAN CHENG 785,412475113,,2781.99,,,,,,,,,,,,,,0.36,,,,,,
CHN,SHEN LIAN CHENG 788,412549142,9896581,2428.54,,,,,,,,,,,,,,0.18,,,,,,
CHN,SHEN LIAN CHENG 791,412421077,,1559.59,,,,,,,,,,,,,,,,,,,,
CHN,SHEN LIAN CHENG 792,412421081,,3404.98,,,,,,,,,,,,,,,,,,,,
CHN,SHEN LIAN CHENG 793,412421109,,3143.08,,,,,,,,,,,,,,,,,,,,
CHN,SHEN LIAN CHENG 796,412549006,,2636.16,,,,,,,,,,,,,,3.84,,,,,,
CHN,SHEN LIAN CHENG 797,412549007,,4026.32,,,,,,,,,,,,,,,,,,,,
CHN,SHEN LIAN CHENG 881,412460114,,,,,,,,,,139.52,,,,34.36,,447.81,,,,,997.83,
CHN,SHEN LIAN CHENG 882,412460115,,,,,,,,,,19.01,,,343.11,47.85,,1358.22,524.61,,,6.76,,
CHN,SHEN LIAN CHENG 883,412460116,,,,,,,,,,,,,,,,,172.86,,,,,
CHN,SHENGANGFA17@17,412460283,,,,,,,,,,15.58,,,,,,,,607.59,,,,
CHN,SHENGANGFA720,412463406,,,,,,,,,,,,,,,,3661.45,,2201.13,,,,
CHN,SHENLIANCHENG601,412698170,9990492,3242.86,,,,,,,,,,,,,,3.48,,,,,,
CHN,SHENLIANCHENG7,412549141,9896555,2513.3,,,,,,,,,,,,,,0.52,,,,,,
CHN,SHENLIANCHENG760,412460054,,2765.64,,,,,,,,,,,,,,,,,,,,
CHN,SHENLIANCHENG761,412460055,8655162,1771.05,,,,,,,,,,,,,,,,,,,,
CHN,SHENLIANCHENG781,412468636,,2865.8,,,,,,29.36,,,,,,,,21.82,,,,,,
CHN,SHENLIANCHENG786,412475114,,2840.76,,,,,,,,,,,,,,0.28,,,,,,
CHN,SHENLIANCHENG790,412699520,9987940,3141.64,,,,,,,,,,,,,,,,,,,,
CHN,SHENLIANCHENG885,412460118,,,,,,,,,,,,,,,,,427.29,,,,,
CHN,SHUN DA8,413204940,,,,,,,,,,,,,,,,,,,0.39,,,
CHN,SHUN FA 8,412549219,9289221,61.0,,435.62,,,,,,,,,,,,,,,,113.2,329.97,15.05
CHN,SLC783,412474535,,552.17,,,,,,,,,,,,,,51.18,,,,,,
CHN,SLC884,412460117,,,,,,,,,,,,,,32.77,,,,,,,1148.0,
CHN,SUI YUAN YU 32,412460297,,,,,1967.18,,,,,2.15,92.79,,480.74,,,,,,61.46,,,
CHN,SUI YUAN YU 33,412499942,9873228,,,,356.55,,,,,,,,,,,,,,5.57,,,
CHN,SUI YUAN YU 35,412499943,,,9.25,,3120.23,,,,,,188.43,,,,,,,,31.14,,,
CHN,SUI YUAN YU 36,412499944,9873242,,,,369.49,,,,,,95.55,,,,,,,,4.38,,,
CHN,SUIYUANYU30,412460295,,,,,2436.83,,,,,379.11,194.33,,,,,,,,21.57,,41.41,3.64
CHN,SUIYUANYU31,412460296,,,,,1645.98,,,,,121.63,175.86,,550.36,,,,,,11.11,,,
CHN,SUIYUANYU33,412499942,,,1.53,,92.24,,,,,,,,,,,,,,11.52,,,
CHN,SUIYUANYU36,412499944,,,26.15,,769.94,,,,,,201.31,,,,,,,,7.69,,,
CHN,SUIYUANYU38,412549286,9917270,,,,1202.71,,,,,,37.3,,,,,,,,15.61,,,
CHN,SUIYUANYU39,412549287,9917282,,,,1170.79,,,,,,79.81,,,,,,,,10.13,,,
CHN,SUIYUANYU40,412549288,,,8.15,,998.06,,,,,,95.26,,,,,,,,61.53,,,
CHN,SYY30-2023-01,412302301,,,,,2450.75,,,,,295.64,243.26,,,,,,,,,,30.64,3.59
CHN,SYY30-2023-02,412302302,,,,,2390.19,,,,,,306.07,,,,,,,,,,,
CHN,SYY30-2023-03,412302303,,,,,775.44,,,,,,,,,,,,,,,,,
CHN,SYY30-2023-04,412302304,,,,,1678.66,,,,,385.49,182.29,,,,,,,,,,25.17,2.53
CHN,SYY30-2023-05,412302305,,,,,2426.04,,,,,409.84,197.55,,,,,,,,,,53.99,6.72
CHN,SYY30-2023-06,412302306,,,,,1928.93,,,,,241.23,126.04,,,,,,,,,,32.7,
CHN,SYY31-2023-01,412312301,,,,,754.71,,,,,72.7,91.01,,355.86,,,,,,,,,
CHN,SYY31-2023-02,412312302,,,,,1755.45,,,,,609.47,42.29,,216.77,,,,,,,,,1.65
CHN,SYY31-2023-03,412312303,,,,,1899.49,,,,,691.89,85.98,,259.12,,,,,,,,,2.06
CHN,SYY31-2023-05,412312305,,,,,,,,,,288.35,,,,,,,,,,,,
CHN,SYY35-2023-02,412352302,,,,,1170.51,,,,,,163.59,,,,,,,,,,,
CHN,SYY36-2023-01,412362301,,,,,1085.85,,,,,,142.63,,,,,,,,0.52,,,
CHN,SYY36-2023-03,412362303,,,,,688.96,,,,,,,,,,,,,,,,,
CHN,SYY38-2023-01,412382301,,,,,1022.65,,,,,,21.33,,,,,,,,,,,
CHN,SYY38-2023-03,412382303,,,,,1414.86,,,,,,51.11,,,,,,,,,,,
CHN,SYY38-2023-05,412382305,,,,,1448.42,,,,,,55.86,,,,,,,,,,,
CHN,SYY39-2023-01,412392301,,,,,1332.75,,,,,,96.83,,,,,,,,,,,
CHN,TAI LONG 9,412549536,9947940,,,,,,,,,,,,,,,,,9.95,,,23.02,19.66
CHN,TIANXIANG168,412300365,,,,,1651.58,,,,,,83.3,,,,,,,,130.09,,,
CHN,XIANG FA 8,412549243,8996279,5.08,,7.86,,,,,,3.76,,,,,,,,,,,112.61,
CHN,XIN SHI JI 17 HAO,412679210,,,,,,,,,,,,,42.84,94.77,,,1494.49,,4.09,2.77,71.95,
CHN,XIN SHI JI 36,412674190,9971161,,,,,,0.65,,,,,,,,,,,,,,,
CHN,XIN SHI JI 62,412549055,9890018,,,,,,,,,,,,503.97,136.17,,,1790.34,,,,480.22,
CHN,XIN SHI JI 65,412421134,,,,,,,,,,,,,,208.82,,,2054.03,,,,1500.46,
CHN,XIN SHI JI 66,412421136,,,,,,,,,,,,,2.27,103.18,,,974.4,,,,1382.12,
CHN,XIN SHI JI 7,412985000,,,,,,,,,,,,,,,,,,,0.45,,,
CHN,XIN SHI JI 71,412695560,,,,,,,,,,,,,86.09,5.1,,,601.05,,,,484.58,
CHN,XIN SHI JI 73,412695580,,,,,,,,,,,,,489.7,66.27,,,447.48,,,,555.97,
CHN,XIN SHI JI 75,412695590,,,,,,,0.39,,,,,,0.35,63.24,,,1229.11,,,,1295.24,
CHN,XIN SHI JI 78,412695630,,,,,,,,,,,,,447.18,90.54,,,1075.88,,,,282.71,
CHN,XIN SHI JI 79,412695640,,,,,,,,,,,,,495.2,,,,2738.61,,,,,
CHN,XIN SHI JI 80,412695650,,,,,,,,,,,,,47.72,121.61,,,821.31,,,,1286.95,
CHN,XIN SHI JI 81,412695660,,,,,,,0.85,,,,,,444.54,,,,362.67,,,,,
CHN,XIN SHI JI 83,412695680,,,,,,,1.75,,,,,,34.26,,,,540.21,,,,,
CHN,XIN SHI JI NO67,412992000,,,,,,,,,,,,,10.98,,,,,,,,,
CHN,XIN SHI JI157,412420892,,,,,,,,,,,,,331.09,,,,172.31,,,,,
CHN,XIN SHI JI87,412993000,,,,,,,,,,296.97,,,40.2,2.49,,,69.51,,11.29,30.15,440.23,
CHN,XINSHIJI 111,412420918,,199.33,,102.14,,,,,,,,,,,,,,,,7.86,607.11,9.79
CHN,XINSHIJI158,412420893,,,,,,,,,,,,,333.23,,,,291.54,,,,,
CHN,XINSHIJI36,412674190,9971161,,,,,,,,,,,,33.53,,,,472.97,,,,,
CHN,XINSHIJI37,412989000,,,,,,,0.7,,,,,,124.86,,,,501.05,,,,,
CHN,XINSHIJI70,412695550,,,,,,,,,,,,,167.38,,,,467.87,,,,,
CHN,XINSHIJI77,412695620,,,,,,,,,,,,,238.72,,,,299.95,,,,32.62,
CHN,XINSHIJI7HAO,412985000,,,,,,,,,,709.83,,,65.23,42.12,,,738.27,,,211.79,1135.59,
CHN,XINSHIJI82,412695670,,,,,,,,,,,,,2.99,,,,541.6,,,,,
CHN,ZH0NG YANG 22,412463904,,,,,,,,,,,,,303.84,,,,,,26.56,,,
CHN,ZHONG RONG 32,412326882,,,,,,,,,,372.46,2.82,,,,,,,5657.02,12.26,,,
CHN,ZHONG SHUI 777,412549264,9910026,,,,649.18,,,,,,140.71,,507.81,,,,,,72.46,,,897.42
CHN,ZHONG SHUI 787,412549265,9910038,,,,856.74,,,,,,116.5,,1334.48,62.17,,,,,5.54,,,1362.16
CHN,ZHONG SHUI 797,412549266,9910040,,,,706.56,,,,,4.0,72.0,,,,,,,,40.8,,,1216.4
CHN,ZHONG SHUI 808,412326904,8629034,,,,783.28,,,,,,,,433.34,,,,,,22.88,,,1948.51
CHN,ZHONG SHUI 947,412549947,1077464,,,,,1.17,,,,,5.53,,940.95,,,,,2.55,25.57,,,
CHN,ZHONG SHVI 758,412549008,9865295,,,,2853.35,,,,,,206.54,,,,,,,,100.29,,,1495.84
CHN,ZHONG TAI NO3,412270024,9261528,371.87,,622.54,,,,,,2.65,,,,,,,,,,,1416.5,167.02
CHN,ZHONG YANG 16,412460061,,,,,,,,,,,,,71.44,,,,,,,,,
CHN,ZHONGRONG 33,412326881,,,,,,,,,,981.29,23.8,,,,,,,4886.3,10.22,,,0.32
CHN,ZHONGRONG15,412320028,,,,,1238.23,,,,,,61.41,,,,,,,,29.65,,,
CHN,ZHONGSHUI 705,413344000,8628951,,,,4005.91,,,,,,358.72,,,,,,,,71.77,,,
CHN,ZHONGSHUI 706,413345000,8628963,,,,5361.49,,,,,,187.62,,,,,,,,68.78,,,
CHN,ZHONGSHUI 708,412320024,8628975,,,,3548.78,,,,,,339.75,,1527.62,,,,,,31.6,,,
CHN,ZHONGSHUI 737,412328758,9686106,,,,479.75,,,,,,105.47,,470.72,,,,,,42.63,,,2500.98
CHN,ZHONGSHUI 748,412549005,,,,,2169.24,,,,,,113.52,,,,,,,,140.21,,,1479.08
CHN,ZHONGSHUI 767,412328755,9686132,,,,71.2,,,,,,32.43,,741.05,,,,,,27.2,,,914.59
CHN,ZHONGSHUI 768,412549009,9865300,,,,3352.47,,,,,,201.55,,,,,,,,15.21,,,2170.44
CHN,ZHONGSHUI 809,412326905,8629046,,,,1325.59,,,,,,147.42,,914.4,,,,,,46.26,,,2073.06
CHN,ZHONGSHUI 811,412326895,8653619,,,,1223.26,,,,,83.75,58.57,,908.21,,,,,,50.24,,,1887.86
CHN,ZHONGSHUI 917,412549917,1077438,,,,,10.48,,51.37,,,10.42,,1344.37,,12.06,,445.39,31.47,44.12,,,4.53
CHN,ZHONGSHUI 927,412549927,1077440,,,,,14.86,,40.64,,,15.89,,1189.81,1.02,7.68,,144.98,33.44,26.84,,,16.74
CHN,ZHONGSHUI 937,412549937,1077452,,3.1,,,,,,,,,,82.06,,,,,,3.58,,,
CHN,ZHONGSHUI702,413341000,8628913,,,,3575.52,,,,,,343.25,,,,,,,,80.84,,,
CHN,ZHONGSHUI703,413342000,,,,,4980.9,,,,,,208.17,,,,,,,,73.21,,,
CHN,ZHONGSHUI704,413343000,8628949,,,,3890.95,,,,,,401.17,,223.55,,,,,,72.28,,,
CHN,ZHONGSHUI707,412320023,8628937,,,,1078.84,,,,,,67.84,,590.12,,,,,,27.52,,,
CHN,ZHONGSHUI709,412320025,8628987,,,,3317.13,,,,,,547.21,,,,,,,,46.65,,,
CHN,ZHONGSHUI710,412320026,8628999,,,,3537.96,,,,,,206.01,,,,,,,,55.73,,,4.79
CHN,ZHONGSHUI711,412326893,8653592,,,,544.6,,,,,,176.52,,499.61,,,,,,47.58,,,2944.19
CHN,ZHONGSHUI712,412326894,8653607,,,,854.42,,,,,,608.06,,,,,,,,27.87,,,3904.33
CHN,ZHONGSHUI717,412328761,9686089,,,,114.35,,,,,,157.67,,,,,,,,16.86,,,2703.35
CHN,ZHONGSHUI718,412549002,,,,,,,,,,,,,,,,,,,11.65,,,3811.22
CHN,ZHONGSHUI727,412328759,9686091,,,,961.57,,,,,,405.35,,892.32,,,,,,65.41,,,3013.2
CHN,ZHONGSHUI728,412549003,9865269,,,,,,,,,,,,,,,,,,,,,1409.73
CHN,ZHONGSHUI738,412549004,,,,,,,,,,,32.65,,,,,,,,13.02,,,4342.28
CHN,ZHONGSHUI747,412328757,9686118,,,,1190.44,,,,,,106.05,,,,,,,,36.34,,,3149.61
CHN,ZHONGSHUI757,412328756,9686120,,0.28,,1281.11,,,,,,123.36,,1025.83,,,,,,29.63,,,1430.12
CHN,ZHONGSHUI778,412549011,,,,,2331.86,,,,,,88.03,,,,,,,,10.64,,,1615.64
CHN,ZHONGSHUI805,412326901,8629008,,,,821.67,,,,,,2.31,,628.27,12.27,,,,,42.61,,,2420.08
CHN,ZHONGSHUI806,412326902,8629010,,,,1037.91,,,,,,213.49,,685.75,,,,,,28.78,,,2445.75
CHN,ZHONGSHUI807,412326903,8629022,,,,30.15,,,,,,33.12,,,,,,,,38.39,,,1530.59
CHN,ZHONGSHUI810,412326906,8629058,,,,1040.39,,,,,,50.65,,791.8,,,,,,29.25,,,2001.74
CHN,ZHONGSHUI812,412326896,8653621,,0.79,,987.9,,,,,8.74,65.87,,,,,,,,57.64,,,3065.28
CHN,ZHONGTAI6,412549296,9891218,213.2,,341.33,,,,,,,,,,,,46.24,,289.87,,50.83,1603.42,214.0
CHN,ZHONGTAI7,412549297,9891220,30.05,,311.68,,,,,,1.75,,,,,,,,408.95,,,558.9,156.44
CHN,ZHONGYANG12,412463901,,,,,,,,,,,,,89.0,,,,,,,,,
CHN,ZHOUYUANYU202,413404430,,,,,,,,,,68.61,,,358.51,605.55,,,705.21,,9.44,905.25,,
CHN,ZHOUYUANYU2601,412420898,,,,,,,,,4.12,63.8,,,314.21,210.12,,,750.17,,10.73,642.71,442.03,
CHN,ZHOUYUANYU2602,412421058,,,,,,,,,,85.88,,,70.28,207.25,,,1013.73,,12.85,687.87,317.24,
CHN,ZHOUYUANYU2605,412421156,,,,,,,,,,30.14,,,426.4,725.14,,,697.85,,10.78,533.4,,
CHN,ZHOUYUANYU2606,412421188,,,,,,,,,,10.63,,,108.57,148.37,,0.56,658.2,,13.56,746.26,766.04,
CHN,ZHOUYUANYU2607,412421288,,,,,,,7.72,,,126.77,,,636.97,484.11,,,680.63,,10.01,611.6,,
CHN,ZHOUYUANYU2608,412421199,,,,,,,,,,,,,393.22,362.53,,,650.27,,,261.22,,
COK,JEANNINE,518100665,,,,,,,,,,,,,124.65,,,,,,,,,
COK,VALENTINA C,518998447,7409140,,,,,,,,,,,,38.26,,,,9.74,,,,,
CXR,CT5-167102-62%,5167102,,,,,,,,,,,,,,,,,,,,,,40.59
CXR,CT5-167102-67%,5167102,,,,,,,,,,,,,,,,,,,,,,49.34
CXR,CT5-167102-82%,5167102,,,,,,,,,,,,,,,,,,,,,,19.09
CXR,CT5-167102-86%,5167102,,,,,,,,,,,,,,,,,,,,,,36.01
CXR,CT5-167102-87%,5167102,,,,,,,,,,,,,,,,,,,,,,66.87
CXR,CT5-167102-99%,5167102,,,,,,,,,,,,,,,,,,,,,,1.05
CXR,CT51671-02-54%,5167102,,,,,,,,,,,,,,,,,,,,,,155.32
CXR,CT51671-02-68%,5167102,,,,,,,,,,,,,,,,,,,,,,7.38
CXR,CT51671-02-78%,5167102,,,,,,,,,,,,,,,,,,,,,,20.28
ECU,PANAMA TUNA,735058003,9175028,,,,,,,,,,,,,,,,135.0,,,,,
ESP,ALBATUN TRES,224680000,9281310,,,,,,,,,,,,343.35,,,,193.92,,,,,
ESP,AURORA B,224651000,9156058,,,,,,,,,,,,277.37,,,,19.82,,,,,
ESP,CARMEN TERE,224256000,9098608,,,,,,,,,,,,,,,,,,2.38,,,
ESP,MAR DE SERGIO,224733000,8212075,,,,,,,,,,,,397.27,,,,,,,,,
ESP,PLAYA ZAHARA,224318000,9297656,,,,,,,,,,,,,,,,,,1.38,,,
ESP,ROSITA C,224523000,9210969,,,,,,,,,,,,158.23,,,,,,,,,
ESP,VIKING BAY,224342000,9221516,,2.17,,,,,,,,,,,,,,,,28.54,,,
FJI,DAEJIN,520116004,,,,,,,,,,,,,,,,,,,704.89,,,
FJI,FENG YUH NO6,520171000,,,3782.03,,,,,,,,,,,,,,,,,,,
FJI,FVWINFULL36,520385000,,,,,,,,,,,,,,,,,,,3019.33,,,
FJI,FVWINFULL38,520386000,,,,,,,,,,,,,,,,,,,3678.6,,,
FJI,GREEN TUNA-1,520241000,,,,,,,,,,,,,,,,,,,1496.23,,,
FJI,HANGTON 111,520311000,,,,,,,,,,,,,,,,,,,2832.67,,,
FJI,HANGTON 115,520315000,9850408,,,,,,,,,,,,,,,,,,4463.44,,,
FJI,HANGTON112,520313000,,,,,,,,,,,,,,,,,,,5021.52,,,
FJI,HSIN LONG 1,520174000,,,3949.22,,,,,,,,,,,,,,,,97.61,,,
FJI,NAN,520019000,,,,,,,,,,,,,,,,,,,5.89,,,
FJI,NAN,520146000,,,,,,,,,,,,,,,,,,,297.79,,,
FJI,NAN,520225000,,,,,,,,,,,,,,,,,,,,,,5.53
FJI,NAN,520241000,,,,,,,,,,,,,,,,,,,4.1,,,
FJI,OCEAN BOUNTIFULNO338,520225000,,,,,,,,,,689.81,,,,,,,,2.22,,,,2595.61
FJI,OCEANFORTUNE 1,520274000,,,,,,,,,,,,,,,,,,,5486.94,,,
FJI,RISING 16,520231000,,,,,867.19,,,,,,556.06,,108.53,,,,,,84.11,,,
FJI,RISING 28,520234000,,,,,1437.47,,,,,,82.09,,1158.68,,,,,,39.9,,,
FJI,RISING NO 8,520172000,,,2.97,,797.59,,,,,,,,314.59,,,,,,30.15,,,
FJI,RITUNA NO2,520143000,,,3687.31,,,,,,,,,,,,,,,,7.23,,,
FJI,SAM WEON 11,520146000,,,,,,,,,,,,,,,,,,,26.15,,,
FJI,SCORPION 68,520289000,,,,,,,,,,,,,,,,,,,1942.75,,,
FJI,SEIN3,520085000,,,,,,,,,,,,,,,,,,,2372.6,,,
FJI,SOLANDER 2,520113000,,,,,,,,,,,,,,,,,,,1070.17,,,
FJI,SOLANDER 6,520012000,,,,,,,,,,,,,,,,,,,402.2,,,
FJI,SOLANDER KARIQA,520114000,,,,,,,,,,,,,,,,,,,1617.88,,,
FJI,SUN SHINE NO 8,520204000,,,,,,,,,,,,,,,,,,,0.82,,,
FJI,SUNSHINE 18,520180000,,,,,,,,,,,,,,,,,,,1700.55,,,
FJI,SUNSHINE NO 16,520137000,,,,,,,,,,,,,,,,,,,312.37,,,
FJI,WIN FULL 2,520019000,,,,,,,,,,,,,,,,,,,2969.92,,,
FJI,WIN FULL 31,520346000,,,,,,,,,,,,,,,,,,,2254.66,,,
FJI,WIN FULL 8,520245000,,,,,,,,,,,,,,,,,,,4026.73,,,
FJI,WINFULL NO1,520020000,,,,,,,,,,,,,,,,,,,2085.295,,,
FJI,WINFULL181,520155000,,,,,,,,,,,,,,,,,,,2700.31,194.49,,
FJI,WINFULL182,520156000,,,,,,,,,,,5.81,,,,,,,,3663.14,249.63,,
FJI,WINFULL186,520157000,,,,,,,,,,,,,,,,,,,3794.53,,,
FJI,WINFULL188,520158000,,,,,,,,,,,,,,,,,,,6703.09,,,
FJI,WINFULL32,520347000,,,,,,,,,,,,,,,,,,,1434.64,,,
FJI,WINFULL38,520386000,,,,,,,,,,,,,,,,,,,1437.78,,,
FJI,WINNING 6,520145000,,,4816.24,,,,,,,,,,,,,,,,15.85,,,
FJI,YONG XING 2,520077000,,,,,,,,,,,,,,,,,,,2903.98,,,
FJI,YONGXING,520077000,,,,,,,,,,,,,,,,,,,27.72,,,
FJI,ZHONG DA 3,520126000,,,,,,,,,,,,,,,,,,,233.41,,,
FSM,CAROLINE 1,510065000,,2.1,,,,,,,,,,,,,,,86.66,,,,,
FSM,CFA20,510035000,,2490.89,,,,,,,,,,,,,,,,,,,,
FSM,CFA22,510051000,8795625,2068.55,,,,,,,,,,,,,,,,,,,,
FSM,CFA22,510051000,,25.16,,,,,,,,,,,,,,,,,,,,
FSM,CFA23,510052000,,1730.72,,,,,,,,,,,,,,,,,,,,
FSM,CFA25,510053000,,3965.27,,,,,,,,,,,,,,,,,,,,
FSM,CROMWELL 1,510094000,9732656,,,,,,,,,,,,,,,33.03,,9.7,,,,
FSM,CROMWELL 101,510095000,9853773,,,,,,,,,,,,,,,2.15,,,,,,
FSM,FULL FORTUNE 301,510200000,8748579,,,,,,,5.49,,,,,,,,56.08,,,,,,
FSM,MATHAWMARFACH,510046000,,2.76,,,,,,,,,,,,23.99,,,,,,,,
FSM,MELISSA,510056000,,13.6,,20.44,,,,,,,,,9.72,92.51,,,65.85,,,87.02,127.23,
FSM,MICRONESIA 101,510067000,9587037,,,,,,,,,,,,,,,40.19,,,,,6.54,
FSM,MICRONESIA 102,510068000,9587544,,,,,,,,,,,,,,18.53,74.73,,9.22,,,,
FSM,MICRONESIA 106,510084000,9817224,,,,,,,,,,,,,,,3.74,,,,,,0.32
FSM,MICRONESIA103,510080000,9817054,12.06,,0.46,,,,,,,,,,,,4.34,,,,,6.09,
FSM,MISSLUEN,510038000,,3611.88,,,,,,,,,,,,,,,,,,,,
FSM,NANMADOL,510062000,8215493,8.16,,,,,,,,,,,,,,10.44,,,,,,
FSM,PACIFIC JOURNEY NO8,510091000,9720562,1.66,,,,,,,,,,,,,,45.59,,,,,,
FSM,PACIFIC PURSUIT 107,510098000,9887073,,,0.24,,,,,,,,,,,,109.46,,47.56,,,,24.69
FSM,PACIFIC PURSUIT 777,510099000,9899595,,,,,,,,,,,,,,,40.36,,,,,,
FSM,PACIFICJOURNEYNO101,510092000,9720550,,,9.29,,,,20.71,,,,,,,,69.9,,126.63,,,4.21,
FSM,PERSEVERANCE NO 282,510119000,9966283,,,,,,,,,,,,,,,16.59,,,,,,
FSM,PERSEVERANCE NO768,510120000,9966295,5.28,,2.87,,,,,,2.76,,,,,,55.16,,177.16,,,0.3,7.58
FSM,QUEEN ALEXANDRA 959,510073000,9703253,,,,,,,0.85,,,,0.17,,,,19.57,,,,,,1.32
FSM,QUEEN ANNE 959,510070000,9268899,,,,,,,,,,,,,,,16.0,,105.31,,,6.41,
FSM,QUEEN ISABELLA 88,510069000,,,,2.24,,,,,,,,,,,,3.11,,1.19,,,,
FSM,TAIYO CHUUK,510057000,9567465,,,,,,,,,,,,,,,0.28,,12.07,,,,
FSM,TAIYO POHNPEI,510054000,8603755,,,,,,,,,,,,,,,10.13,,,,,,
FSM,TAIYO WAAB,510060000,9234173,,,,,,,,,,,,,,,14.08,,,,,,
GBR,PING TAI RONG 31-2,235211719,,,,,,,,,,,,,0.18,,,,,,,,,
GBR,PING TAI RONG 31-3,235211765,,,,,,,,,,,,,0.87,,,,,,,,,
GRC,NAN,239815,,,,,,,,68.66,,,,,,,,,,,,,,
GRC,ZHOUYUANYU202-1,240700036,,,,,,,,,,3.3,,,254.5,504.74,,,513.37,,,528.45,,
GRC,ZHOUYUANYU202-11,240700046,,,,,,,,,,,,,226.47,67.6,,,503.7,,,,,
GRC,ZHOUYUANYU202-12,240700047,,,,,,,,,,,,,242.62,776.46,,,492.09,,,896.5,,
GRC,ZHOUYUANYU202-13,240700048,,,,,,,,,,,,,233.08,736.02,,,525.91,,,1026.88,,
GRC,ZHOUYUANYU202-14,240700049,,,,,,,,,,,,,338.48,752.57,,,870.93,,,1045.03,,
GRC,ZHOUYUANYU202-15,240700050,,,,,,,,,,,,,13.0,253.07,,,,,,836.8,,
GRC,ZHOUYUANYU202-2,240700037,,,,,,,,,,,,,295.97,428.64,,,879.67,,,711.31,,
GRC,ZHOUYUANYU202-3,240700038,,,,,,,,,,,,,155.22,644.54,,,,,,1137.83,,
GRC,ZHOUYUANYU202-5,240700040,,,,,,,,,,,,,,,,,,,,726.26,,
GRC,ZHOUYUANYU202-6,240700041,,,,,,,,,,,,,,206.98,,,,,,1050.03,,
GRC,ZHOUYUANYU202-8,240700043,,,,,,,,,,,,,250.75,643.78,,,635.56,,,286.58,,
GRC,ZHOUYUANYU202-9,240700044,,,,,,,,,,,,,209.77,608.71,,,534.22,,,1001.34,,
GRC,ZHOUYUANYU2601-4,240700004,,,,,,,,,,,,,226.5,206.62,,,930.1,,,656.1,746.35,
GRC,ZHOUYUANYU2601-6,240700006,,,,,,,,,,,,,147.83,102.68,,,641.12,,,,371.37,
GRC,ZHOUYUANYU2601-8,240700008,,,,,,,,,,,,,162.32,3.73,,,406.88,,,,,
GTM,YUE LU FENG 25009,332543123,,,,,,,,14.03,,,,,,,,,,,,,,
IDN,AGUNG MAKMUR 168,525800618,,,,,,,,,,,,,,,,,,1.86,,,,
IDN,ANDRE WIJAYA,525701391,,,,,,,,,,,,,,,,,,59.53,,,,
IDN,BERLIAN BIRU 01,525701455,9896426,,,,,,,,,,,,,,10.45,,,,,,,
IDN,BINTANG MAS BERLIAN,525900205,,,,,,,,,,,,,,,,,,26.97,,,,
IDN,BINTANGMANDIRI0B,525700038,,,,,,,,,,,,,,,,,,4.59,,,,
IDN,BUNGAHATINR,525201134,,,,,,,,,,,,,,,,,,16.06,,,,
IDN,FILA PANGESTU,525700108,,,,,,,,,,,,,,,35.56,,,,,,,
IDN,HASIL LAUT 215,525700016,,,,,,,,,,,,,,,,,,154.0,,,,
IDN,HASIL LAUT 217,525700874,,,,,,,,,,,,,,,,,,105.49,,,,
IDN,HASIL MELIMPAH I,525005891,,,,,,,,,,,,,,,,,,94.56,,,,
IDN,INDAHJAYAII,525600574,,,,,,,,,,,,,,,12.34,,,,,,,
IDN,JW 02,525900085,,,,,,,,,,,,,,,,,,49.92,,,,
IDN,KM  MAULANA 29,525900886,,,,,,,,,,,,,,,,,,96.42,,,,
IDN,KM ANUGERAH,525301001,,,,,,,,,,,,,,,,,,1.76,,,,
IDN,KM BAHANA CITRA,525800138,,,,,,,,,,,,,,,,,,0.0,,,,
IDN,KM BAHARI - 6,525700791,,,,,,,,,,,,,,,,,,6.36,,,,
IDN,KM BINTANG MUTIARA,525700988,,,,,,176.46,,,,,,,,,,,,,,,,
IDN,KM FUJIYAMA PAPUA,525201985,,,,,,,,,,,,,,,,,,58.74,,,,
IDN,KM KHARISMA PAPUA,525111000,,,,,,,,,,,,,,,,,,48.94,,,,
IDN,KM LAUT SUBUR 7,525900848,,,,,,2.34,,,,,,,,,,,,,,,,
IDN,KM MAULANA - XI,525900672,,,,,,,,,,,,,,,,,,53.94,,,,
IDN,KM YAMA TOBA 10,525101411,,,,,,,,,,,,,,,,,,127.02,,,,
IDN,KMN FARID PRATAMA,525955555,,,,,,,,,,,,,,,,,,67.35,,,,
IDN,MANDALA-525,525101955,,,,,,,,,,,,,,,,,,0.0,,,,
IDN,MARCEL JAYA 103,525900196,,,,,,,,,,,,,,,,,,6.21,,,,
IDN,MARCEL JAYA 57,525800475,,,,,,,,,,,,,,,,,,24.11,,,,
IDN,MARGO ASIH III,525000182,,,,,,,,,,,,,,,,,,23.28,,,,
IDN,MUTIARASARI,525900190,,,,,,,,,,,,,,,,,,4.16,,,,
IDN,NAILI 25,525916080,,,,,,,,,,,,,,,,,,1.51,,,,
IDN,NAN,525500693,,,,,,,,,,,,,,,,,,0.25,,,,
IDN,NAN,525701391,,,,,,,,,,,,,,,,,,5.49,,,,
IDN,PAHALA MELIMPAH 1,525005371,,,,,,,,,,,,,,,,,,7.82,,,,
IDN,SAMAWA01,525401155,,,,,,,,,,,,,,,,,,1.33,,,,
IDN,SINAR ARINDO -6,525900813,,,,,,,,,,,,,,,68.42,,,,,,,
IDN,SUNAN KALI JAGA,525301052,,,,,,,,,,,,,,,,,,77.16,,,,
IDN,TAMBAH JAYA,525884488,,,,,,,,,,,,,,,,,,10.82,,,,
IDN,TERUS JAYA 18,525005447,,,,,,,,,,,,,,,,,,229.76,,,,
IDN,TRANS MITRAMAS 5,525501081,,,,,,,,,,,,,,,2.55,,,,,,,
IDN,TRANS MITRAMAS-31,525501368,,,,,,,,,,,,,,,117.16,,,,,,,
IDN,WITA MAKMUR 3,525800616,,,,,,,,,,,,,,,,,,57.92,,,,
IDN,WITA MAKMUR 8,525401249,,,,,,,,,,,,,,,,,,1.81,,,,
JPN,78KOYOMARU NO2,431023184,,,,,,,,,,,,,,,,376.26,,1035.67,,,,
JPN,78KOYOMARU NO3,431023187,,,,,,,,,,,,,,,,81.34,,293.26,,,,
JPN,ASAHI MARU NO8,431171000,,132.77,,,,,88.99,10.0,,,,,,,,83.63,,,,,,
JPN,ASAHIMARU NO11,431484000,9816438,52.81,,,,,128.68,305.46,0.15,,,,,,,,,,,,,
JPN,CHIRYUMARU NO3,431600260,,,,,,,41.67,,,,,,,,,,,,,,,
JPN,CHIYOMARU NO3,431501757,,,,,,,,376.34,,,,,,,,,,,,,,
JPN,CHOKYU MARU NO68,431100990,,8.13,,,,,2.3,,,,0.65,,,,,,,,4.45,,,
JPN,DAI78KAIOUMARU,431602750,,,,,,,,781.28,,,,,,,,,,,,,,
JPN,DAI8SUE MARU,431680127,,,,,,,,42.404999999999994,,,,,,,,,,,,,,
JPN,DAIKIMARU NO8,431500330,,,,,,,430.66,543.27,,,,,,,,,,,,,,
JPN,EISEIMARU NO31,431200970,,,,,,,212.08,72.62,,,,,,,,24.42,,,,,,
JPN,EISEIMARU NO8,431200060,,,,,,,155.87,141.71,,,,,,,,86.63,,,,,,
JPN,FUJITAFUJIMARU,431500370,,,,,,,91.95,123.29,,,,,,,,,,,,,,
JPN,FUKUICHIMARU NO128,431155000,,,,,,,,4.09,,,,,,,,13.68,,20.48,,,,3.0
JPN,FUKUICHIMARU NO88,431635000,9890721,,,,,,,,,,,,,,,621.77,,813.13,,,,
JPN,FUKUTOKUMARU NO37,431700060,,,,,,,24.75,,,,,,,,,4063.4,,299.14,,,,
JPN,FUKUTOKUMARU NO38,431253000,9185360,,,,,,,,,,,,,,,1012.69,,,,,,
JPN,FUKUTOKUMARU NO88,431200150,,,,,,,,15.3,,,,,,,,,,,,,,
JPN,FUKUTOKUMARU NO88,432894000,9671711,,,,,,,,,,,,,,,1148.11,,,,,,
JPN,FUKUYO MARU NO5,431035000,9918389,,,,,,,,,,,,,,,1401.91,,,,,,
JPN,FUKUYO MARU NO7,432942000,9689859,,,,,,,,,,,,,,,822.07,,,,,,
JPN,GENKICHI MARU NO27,432384000,,,,,,,,1.25,,,,,,,,,,,,,,
JPN,GENPUKU MARU NO81,431905000,9902366,,,,,,,,0.89,,,,,,,24.23,,6.48,,,,
JPN,GENPUKU NO22,431016429,,,,,,,,,,,,,,,,19.86,,4.99,,,,
JPN,GENPUKUMARU NO11,431016428,,,,,,,,,,,,,,,,217.69,,461.32,,,,
JPN,HAKKO MARU 2 GOTEI,431008225,,,,,,,,,,,,,,,,,,0.68,,,,
JPN,HAKKO MARU NO2,432487000,,,,,,,,,,,,,,,,54.48,,23.41,,,,
JPN,HANEIMARU NO36,431005009,,,,,,,361.14,,,,,,,,,,,,,,,
JPN,HASHIMURATERUMARU,431500637,,,,,,,0.36,,,,,,,,,,,,,,,
JPN,HIROMARU,431680124,,,,,,,,156.66,,,,,,,441.01,,,,,,,
JPN,HOSHIN MARU NO62,431704110,,,,,,,,,,,,,,,,456.96,,,,,,
JPN,HOSHIN MARU NO81,431902000,9907287,,,,,,,,,33.39,,,,,,1294.66,,,,,,
JPN,HOSHINMARU NO78,432962000,9690303,,,,,,0.08,,,,,,,,,0.82,,,,,,
JPN,HOSHINMARU NO78,432962000,,,,,,,,,,,,,,,,473.29,,,,,,
JPN,"HOUEIMARU NO,1",431015336,,,,,,,813.52,432.58,,,,,,,,,,,,,,
JPN,ICHIEIMARU NO88,431017916,,,,,,,,261.88,,,,,,,,,,,,,,
JPN,INARIMARU NO85,432507000,9326263,75.57,,,,,376.16,,,,,,,,,35.25,,,,,,
JPN,IROHAMARU  NO71,431200503,,,,,,,264.52,237.1,,,,,,,,,,,,,,
JPN,IROHAMARU NO51,431500880,,,,,,,,591.68,,,,,,,,,,,,,,
JPN,KAGOSHIMA MARU,432850000,9580479,,,,,,,128.31,,,,,,,13.65,,,,,,,
JPN,KAIENMARU NO1,431501724,,,,,,,145.32,,,,,,,,,,,,,,,
JPN,KAIENMARU NO50,431501250,,,,,,,,1010.27,,,,,,,,,,,,,,
JPN,KAIENMARU NO57,431501683,,,,,,,,211.06,,,,,,,,,,,,,,
JPN,KAIENMARU NO77,431004047,,,,,,,274.82,59.09,,,,,,,,,,,,,,
JPN,KAIENMARU NO88,431004559,,,,,,,163.73,94.06,1.68,,,,,,,,,,,,,
JPN,KAIENMRUNO57,431501683,,,,,,,,3.22,,,,,,,,,,,,,,
JPN,KAIGATAMARU NO88,431663000,9109275,,,,,,1.81,,,,,,,,,1266.03,,57.93,,,,
JPN,KAIHOMARU,431384000,9890795,,,,,2.5,,173.21,,,,,,,,8.56,,1.57,,,,
JPN,"KAIO MARU NO,81",432943000,9689861,2.12,,,,,,,,,,,,,,,,,,,,
JPN,KAIOHMARU  NO11,431011377,,,,,,,,1157.33,,,,,,,,,,,,,,
JPN,KAIYUMARU,432753000,9580948,,,,,,1.07,,,,,,,,,,,,,,,
JPN,KATSUMARU  NO58,431001235,,,,,,,107.23,402.77,,,,,,,,,,,,,,
JPN,KIFUKU MARU NO36,431600275,9115676,2.44,,,,,1.62,,,,,,,,,,,,,,,
JPN,KINEI MARU NO118,432453000,9311907,,,,,,1.82,,,,,,,,,,,1203.2,,,,
JPN,KINEI MARU NO135,432444000,9311921,,,,,,8.48,,,123.04,,,,,,1043.93,,50.79,,,,
JPN,KINEI MARU NO53,431380000,9189031,,,,,,,,2.26,,,,,,,756.36,,807.16,,,,
JPN,KINEIMARU NO128,432367000,9281102,,,,,,,5.29,,,,,,,16.48,,,,,,,
JPN,KINSEIMARU NO3,431680630,,,,,,,,666.04,,,,,,,,,,,,,,
JPN,KIYO  MARU NO28,431795000,9128697,212.76,,,,,94.37,174.39,,,,,,,,4.14,,,,,,
JPN,KIYO MARU NO18,431914000,,216.34,,,,,34.15,126.19,,,,,,,,56.34,,,,,,
JPN,KOEIMARU NO8,431680190,,,,,,,,434.88,,,,,,,,,,,,,,
JPN,KOHRYOMARU,431009306,,,,,,,,2.42,,,,,,,,,,,,,,
JPN,KORYUMARU,431000168,,,,,,,377.49,,,,,,,,,,,,,,,
JPN,KOTOSHIROMARU NO58,432914000,,0.62,,,,,,,,,,,,,,,,,,,,
JPN,KOURYOUMARU NO3,431602346,,,,,,,,122.92,,,,,,,,,,,,,,
JPN,KOYOMARU NO78,431181000,9991018,,,,,,,4.14,,,,,,,,37.59,,117.82,,,,
JPN,KYOYOMARU NO3,431487000,9194945,135.31,,,,,145.35,10.52,,,,,,,,,,,,,,
JPN,MEIHO MARU NO22,431801000,9119751,,,,,,122.81,214.86,0.86,,,,,,,,,,,,,
JPN,MEIHO MARU NO37,431579000,,,,,,,193.92,179.97,,,,,,,,,,,,,,
JPN,MIAMARU NO58,431001322,,,,,,,708.98,,,,,,,,,,,,,,,
JPN,MIAMARU NO78,431005871,,,,,,,74.19,,1.17,,,,,,,,,,,,,
JPN,MIKIMARU NO1,431012995,,,,,,,,19.72,,,,,,,,,,,,,,
JPN,MIYAMARU NO18,432845000,9634749,,,,,,,0.4,,,,,,,,26.78,,0.2,,,,
JPN,NAN,431200503,,,,,,,,108.64,,,,,,,,,,,,,,
JPN,NANAEMARU,431680770,,,,,,,,223.68,,,,,,,,,,,,,,
JPN,"NIKKO MARU N0,11",431768000,,,,,,,108.9,45.81,,,,,,,,37.2,,,,,,
JPN,NIKKO MARU NO1,431769000,,,,,,,82.51,367.94,,,,,,,,38.84,,,,,,
JPN,NIKKO MARU NO51,431935000,9162576,,,,,,313.32,240.09,,,,,,,,48.45,,,,,,
JPN,NIKKOMARU NO111,431255000,9775189,136.67,,,,,104.7,99.7,,,,,,,,101.18,,,,,,
JPN,"NO,88  EIYUUMARU",431002571,,,,,,,,43.51,,,,,,,904.3,,,,,,,
JPN,NO1 SEIKICHIMARU,431680790,,,,,,,,697.22,,,,,,,,,,,,,,
JPN,NO11 MITSUMARU,431602086,,,,,,,557.7,,,,,,,,,,,,,,,
JPN,NO128 KAIGATAMARU,432984000,9709831,,,,,,,,,,,,,,,,,11.17,,,,
JPN,NO18 KOUYUUMARU,431016137,,,,,,,173.49,,,,,,,,,,,,,,,
JPN,NO18 NANKAIMARU,431680730,,,,,,,,465.82,,,,,,,637.47,,,,,,,
JPN,NO18AYAMARU,431680113,,,,,,,,46.12,,,,,,,6.31,,,,,,,
JPN,NO1HIRONAMARU,431680780,,,,,,,,0.25,,,,,,,,,,,,,,
JPN,NO21  TOKUHOUMARU,431680156,,,,,,,,282.5,,,,,,,,,,,,,,
JPN,NO21 ZENRIKIMARU,431680225,,,,,,,,112.2,,,,,,,,,,,,,,
JPN,NO32 TOKUSYOMARU,431600850,,,,,,,,352.39,,,,,,,,,,,,,,
JPN,NO33 KAIENMARU,431501170,,,,,,,,509.96,,,,,,,,,,,,,,
JPN,NO33 TOKUSYOUMARU,431200460,,,,,,,,355.54,,,,,,,,,,,,,,
JPN,NO37 RYOSYOUMARU,431680136,,,,,,,,853.53,,,,,,,,,,,,,,
JPN,NO38 KAIENMARU,431600420,,,,,,,,910.99,,,,,,,,,,,,,,
JPN,NO38 KOKUSHINMARU,431002995,,,,,,,,397.18,,,,,,,,,,,,,,
JPN,NO38MANEIMARU,431680141,,,,,,,,457.19,,,,,,,990.73,,,,,,,
JPN,NO3MIEMARU,431680230,,,,,,,,502.67,,,,,,,,,,,,,,
JPN,NO51 NAOMARU,431601317,,,,,,,,64.62,,,,,,,,,,,,,,
JPN,NO58 AYAMARU,431301296,,,,,,,,289.58,,,,,,,263.06,,,,,,,
JPN,NO5YUSEIMARU,431680580,,,,,,,,417.09,,,,,,,,,,,,,,
JPN,NO71KAIENMARU,431500360,,,,,,,160.07,761.64,,,,,,,,,,,,,,
JPN,NO7FUKUKYUMARU,431733000,9951202,8.04,,,,,,,,,,,,,,,,,,,,
JPN,NO8 KAIHOUMARU,431501173,,,,,,,,7.83,,,,,,,,,,,,,,
JPN,NO8 KAIOUMARU,431501646,,,,,,,,424.89,,,,,,,,,,,,,,
JPN,NO8 SYOUKIMARU,431500960,,,,,,,,136.3,,,,,,,550.93,,,,,,,
JPN,NO83INARIMARU,431903000,9156747,,,,,,,456.1,6.78,,,,,,,,,,,,,
JPN,NO8KOUSHINMARU,431600660,,,,,,,191.37,324.92,,,,,,,,,,,,,,
JPN,NO8MATSUITIMARU,431680210,,,,,,,,322.4,,,,,,,78.18,,,,,,,
JPN,NO8TAIKEIMARU,431601590,,,,,,,,221.65,,,,,,,874.26,,,,,,,
JPN,RINA MARU,431500720,,,,,,,,162.48,,,,,,,,,,,,,,
JPN,RURI OCEAN,431379000,9999838,,,,,,,1.0,,,,,,,,,,,,,,
JPN,RYOAN MARU NO85,432319000,8974661,,,,,,,,,,,,,,,827.76,,349.91,,,,
JPN,RYOEIMARU NO11,431009932,,,,,,,,50.86,,,,,,,,,,,,,,
JPN,RYOUEIMARU,431004389,,,,,,,216.82,181.24,,,,,,,,,,,,,,
JPN,RYUUSEIMARU,431024439,,,,,,,,5.24,,,,,,,,,,,,,,
JPN,SEIRYO MARU NO18,431002127,,,,,,,151.48,248.13,,,,,,,,,,,,,,
JPN,SEIYOSHI MARU,431601620,,,,,,,,419.19,,,,,,,,,,,,,,
JPN,SHICHIHUKUJIN MARU,431603270,,,,,,,83.91,17.97,,,,,,,,,,,,,,
JPN,SHINEI MARU,431601572,,,,,,,6.32,338.3,,,,,,,,,,,,,,
JPN,SHINSEI NO71,431501176,,,,,,,114.92,183.51,,,,,,,,,,,,,,
JPN,SHOEI MARU NO123,432918000,,,,,,,,,,,,,,,,1361.47,,675.04,,,,
JPN,SHOEI MARU NO18,431693000,9115274,,,,,,,70.51,,,,,,,,,,,,,,
JPN,SHOEI MARU NO38,431680000,9105164,,,,,,106.51,4.15,,,,,,,,,,,,,,
JPN,SHOEI MARU NO8,431001270,,172.56,,,,,110.15,,,,,,,,,10.02,,,,,,
JPN,SHOEIMARU,431006558,,,,,,,,278.53,,,,,,,,,,,,,,
JPN,SHOEIMARU NO7,431700260,9120023,,,,,76.98,,,,,,,,,,716.11,,674.06,,,,
JPN,SHOFUKU MARU NO7,431700550,9011179,,,,,,,0.18,,,,,,,,,,,,,,
JPN,SHOFUKU MARU NO8,432282000,,,,,,,212.29,,,,,,,,,1115.36,,,,,,
JPN,SHOFUKUMARU NO18,432987000,9709843,,,,,,,,,,,,,,,809.23,,,,,,
JPN,SHOKIMARU NO31,431014428,,,,,,,,39.09,,,,,,,0.52,,,,,,,
JPN,SHOKIMARU NO36,431159000,9066306,,,,,,,,,,,1.1,,,,62.03,,52.3,,,,
JPN,SHOUN MARU NO1,431741000,9890771,,,,,,,,,,,,,,,2.81,,,,,,
JPN,TACHIBANA 2,431659000,9817468,,,,,,,,,,,,,,,,,307.71,,,,
JPN,TAIKEIMARU NO1,431796000,,,,,,,,,,,,,,,,14.63,,,,,,
JPN,TAIKEIMARU NO18,431600680,,,,,,,,246.95,,,,,,,,,,,,,,
JPN,"TAKAMARU NO,23",431600140,,,,,,,56.32,4.67,,,,,,,,,,,,,,
JPN,TATSUMARU NO68,431053000,8944147,,,,,,,,,35.06,,,,,,2069.34,,,,,,
JPN,TATSUYOSHIMARU,432256000,,,,,,,,12.77,,,,,,,,,,,,,,
JPN,TOKIWA MARU NO28,431399000,,,,,,,,,,,,,,,,0.49,,,,,,
JPN,TOKIWA MARU NO38,431541000,9874959,,,,,0.47,,,,,,,,,,0.88,,49.6,,,,
JPN,TOKIWAMARU NO18,431310000,,,,,,,,,,,,,,,,,,27.65,,,,8.91
JPN,TOKUEIMARU NO17,431410000,9810745,48.33,,,,,128.6,196.58,,,,19.34,,,,,,,,,,
JPN,TOKUSHOMARU NO37,431010018,,,,,,,,575.3,,,,,,,,,,,,,,
JPN,TOMOKITI MARU,431016336,,,,,,,,39.4,,,,,,,,,,,,,,
JPN,TOSAKAIEN MARU,431000650,9615547,,,,,,140.97,,,,,,,,,,,,,,,
JPN,TOSHIMAMARU NO21,431680680,,,,,,,,546.57,,,,,,,,,,,,,,
JPN,TOYOKUNI MARU NO31,431714000,,,,,,,,,,,,,0.33,,,,,,,,,
JPN,TOYOKUNI MARU NO8,431722000,9115250,,,,,,139.63,241.18,,,,0.27,,,,60.66,,,,,,
JPN,WAKABAMARU NO5,432410000,9281097,,,,,0.13,,,,,,,,,,,,,,,,
JPN,WAKABAMARU NO5 222,431009573,,,,,,,,,,,,,,,,,,200.25,,,,
JPN,WAKAMARU,431680154,,,,,,,,552.28,,,,,,,,,,,,,,
JPN,WAKATAKE MARU,431454000,9799472,,,,,,,,,,,,,,12.46,,,,,,,
JPN,YACHIYOMARU NO18,431000662,,,,,,,,92.51,,,,,,,,,,,,,,
JPN,YACHOMARU NO21,431009454,,,,,,,,72.49,,,,,,,,,,,,,,
JPN,YAHATAMARU NO5,432878000,9658549,,,,,,,,,,,,,,,702.13,,,,,,
JPN,YAHATAMARU NO68,431361000,,,,,,,,,,,,,,,,4183.5,,,,,,
JPN,YAIZU,432706000,9524877,,,,,,1.72,43.08,,,,,,,,0.71,,,,,,
JPN,YAMASAKITATSUEIMARU,431011762,,,,,,,247.55,,,,,,,,,,,,,,,
JPN,YASUEIMARU,431600640,,,,,,,,7.66,,,,,,,,,,,,,,
JPN,YUHOUMARU NO38,431600210,,,,,,,,103.34,,,,,,,311.01,,,,,,,
JPN,YUJINMARU,431501805,,,,,,,488.2,34.63,,,,,,,,,,,,,,
JPN,YUJINMARU NO83,431008919,,,,,,,,366.99,,,,,,,,,,,,,,
JPN,YUKI MARU NO11,431200343,,,,,,,182.7,340.76,,,,,,,,,,,,,,
JPN,YUKOMARU NO5,431200702,,,,,,,802.48,309.62,,,,,,,,,,,,,,
JPN,YUUJINMARU  NO55,431602069,,,,,,,,89.2,,,,,,,,,,,,,,
JPN,YUUJINMARU NO2,431200599,,,,,,,,65.69,,,,,,,,,,,,,,
JPN,YUUJINMARU NO20,431500220,,,,,,,141.53,294.63,,,,,,,,,,,,,,
JPN,YUUJINMARU NO5,431501647,,,,,,,182.14,28.78,,,,,,,,,,,,,,
JPN,YUUJINMARU NO58,431601917,,,,,,,312.37,58.18,,,,,,,,,,,,,,
JPN,YUUZINMARU NO53,431602128,,,,,,,,327.66,,,,,,,,,,,,,,
KIR,BLUE FORTUNE 31,529054000,,,,,,,,,,,,,,368.82,,,,,67.76,,1332.97,
KIR,BLUE FORTUNE 32,529055000,,,,,,,,,,,,,,272.1,,,,,9.01,,1445.32,
KIR,KIBENA 1,529027000,9934424,153.76,,48.74,,,,,,,,,,,,123.43,,91.03,,22.39,467.87,161.45
KIR,KIBENA 2,529030000,9959682,136.9,,98.84,,,,,,,,,,,,,,62.56,,10.55,368.43,2.33
KIR,KIBENA 3,529036000,9973999,19.03,,221.52,,,,,,,,,,,,15.13,,247.67,,,588.31,
KIR,KIBENA 6,529044000,1024168,126.77,,,,,,,,,,,,,,59.86,0.1,,,,34.64,
KIR,KIBENA 7,529045000,1024170,,,,,,,,,,,,,,,10.01,,,,,9.43,
KIR,MAMAUTARI,529695000,8003278,,,,,,,,,,,,67.9,10.05,,,216.81,,,33.6,0.1,
KIR,MARIBO 61,529051000,1071123,88.75,,57.58,,,,,,,,,,,,3.48,,,,,154.12,
KIR,MARIRAOI,529440000,8003230,,,,,,,,,,,,,,,17.64,,3.07,,,,11.4
KIR,MARORAOI,529687000,8103080,,,,,,,,,,,,,,,,,,,,,14.02
KIR,MOAKONA,529783000,9699581,,,,,,,,,,,,,,,0.6,,,,,,2.98
KIR,TEKINATIII,529039000,,,,,,,,,,,,,,,,,,,,,336.52,
KIR,TEMANIM 01,529033000,9963176,,,,,,,,,,,,,,,,,,,,3784.98,
KIR,TEMANIM 02,529034000,9963188,31.14,,,,,7.4,11.69,3.39,,,,,,,,,,,,3842.85,
KIR,TEMANIM 03,529035000,9963190,24.96,,,,,5.66,24.98,,,,,,,,,,,,,3602.25,
KOR,212 DONG W0N,440620000,8843111,,,,,,,,,578.96,,,129.62,623.45,,,,,1.92,,,
KOR,305 ORYONG,440656000,8703878,0.71,,,,,,,,,,,93.04,,,,,,,,,
KOR,306 ORYNG,440733000,8703880,,,,,,,,,,,,49.43,,,,,,,,,
KOR,311 ORYONG,440987000,8714164,,,,,,,,,,,,1.62,,,,,,,,,
KOR,315 O RYONG,440731000,8714188,,,,,,0.56,,,,,,494.04,,,,,,,,,
KOR,316ORYONG,440986000,9042037,,,,,,5.48,,4.07,487.96,,,,270.37,,,,,,,,
KOR,317ORYONG,440045000,9042049,,,,,,3.35,,,,,,,,,,,,,,,
KOR,353 ORYONG,440989000,8703440,,,,,,0.2,,,164.7,,,380.7,,,,,,,,,
KOR,372 OYANG,441018000,8920907,,,,,,,,,,,,409.9,,,,,,,,,
KOR,375 ORYONG,441584000,9152179,,,,,,,,,,,,,402.73,,,,,,,,
KOR,377 ORYONG,441650000,9047893,4.07,,,,,1.05,,,,,,,,,,,,,,,
KOR,501 NAM GUNG,440919000,8703854,,,,,,,,,2204.3,,,,138.42,,,,,,,,
KOR,619 DONGWON,440809000,8815671,,,,,,,,,436.61,,,,394.84,,,,,,,,
KOR,716 ORYONG,440934000,8717879,,,,,,0.46,,,,,,169.02,,,,,,,,,
KOR,718-ORYONG,440935000,8815695,1.0,,,,,,,,,,,468.53,,,,,,,,,
KOR,725 ORYONG         0,440886000,9041100,,,,,,,,,,,,122.55,,,,,,,,,
KOR,731ORYONG,440920000,8920919,,,,,,,,,440.34,,,,,,,,,,,,
KOR,733 ORYONG,440931000,9041112,,,,,,,,,,,,53.64,147.31,,,,,,,,
KOR,82 AGNES,440772000,8714061,,,,,,,,,331.51,,,783.73,182.31,,,,,,,,
KOR,AGNES 83,441043000,9012331,,,,,,,,,1803.69,4.52,,,46.38,,,,,,,,
KOR,AGNES 90 HO,440770000,9042025,,,,,,,,,1135.95,,,,597.24,,,,,,,,
KOR,ATUN TRES,440992000,8821553,,,,,,,,,,,,166.89,,,,,,,,,
KOR,BONAMI,441489000,9848869,,,,,,,,,,,,,,,2.39,,13.95,,,,3.37
KOR,DONGWON NO203,440858000,8717805,,,,,,,,,1383.16,,,111.47,266.63,,,,,3.21,,,
KOR,DONGWON NO205,440788000,8717817,,,,,,2.98,,,,,,45.56,999.74,,,,,,,,
KOR,HANARA,440357000,9743435,,,,,,,,,,,,,,,,,2.1,,,,
KOR,JANG BO GO,441493000,9511301,,,,,,,,,,,,,,,,,0.46,,,,0.78
KOR,JUBILEE,441472000,9848857,,,,,,,,,,,,,,,,,,,,,0.49
KOR,MIRAERO,440226000,9713985,,,,,,,2.36,,,,,,,,,,,,1.81,1.69,18.6
KOR,NO 355 OYANG,441098000,8905593,,,,,,,,,321.21,,,19.29,,,,,,,,,
KOR,NO 901 ORYONG,441439000,9895850,,,,,,,,,359.26,,,76.48,1222.17,,,,,67.03,,3.13,
KOR,NO1 CHIL SUNG,440821000,8717855,,,,,,,,2.41,,,,,,,,,,,,0.61,
KOR,NO11 HAE CHEON,440699000,8921250,,,,,,,,,,,,757.86,,,,,,,,,
KOR,NO2 KYUNG YANG,440773000,8805315,,,,,,0.46,,,1118.35,,,,,,,,,,,0.43,
KOR,NO202 HAE CHEON,440941000,8714176,,,,,,,,,828.22,,,368.62,35.27,,,,,,,,
KOR,NO208 DONGWON,440574000,9042013,,,,,,,,,1463.1,,,,,,,,,0.37,,,
KOR,NO303 HAE CHEON,440846000,8703892,,,,,,,,,2173.27,,,,140.45,,,,,,,,
KOR,NO36HANSUNG,440820000,8619388,0.94,,,,,,,,1555.73,,,,471.46,,,,,,,,
KOR,NO38 HANSUNG,440590000,8717843,,,,,,,,,2042.2,,,,410.47,,,,,,,,
KOR,NO39HANSUNG,440239000,9046409,,,,,,,,,295.09,,,,73.61,,,,,,,,
KOR,NO5 KYUNG YANG,441680000,8703464,0.82,,,,,,,,1594.53,,,,11.58,,,,,,,,
KOR,NO509NAMGUNG,440339000,8619261,6.66,,,,,,,,,,,,,,,,,,,,
KOR,NO518NAMGUNG,440751000,8714102,,,,,,,,,,,,,385.8,,,,,,,,
KOR,NO55SHINYUNG,440503000,8815724,,,,,,,,,367.74,,,,,,,,,,0.58,3.19,
KOR,NO56 SHIN YUNG,440504000,8619326,,,,,,,,,52.285000000000004,,,206.15,,,,,,,,,
KOR,NO620 DONG WON,440952000,8821498,1.25,,,,,,,,995.61,,,,477.01,,,,,,,,
KOR,NO621 DONG WON,440780000,8905567,10.05,,,,,,,,987.49,,,1283.16,1049.94,,,,,,,3.54,
KOR,NO622 DONGWON,440641000,8905579,0.62,,,,,,,,,,,,,,,,,,,,
KOR,NO623 DONGWON,440781000,8905581,,,,,,,,,1794.83,,,717.89,507.98,,,,,,,,
KOR,NO631DONGWON,440895000,8911310,,,,,,2.67,,,600.48,,,425.86,220.46,,,,,,,0.39,
KOR,NO632 DONG WON,440954000,8911322,0.07,,,,,,,,,,,4.85,,,,,,,,,
KOR,NO633 DONGWON,440894000,8911334,1.91,,,,,,,,696.26,,,961.39,748.99,,,,,,,,
KOR,NO707 HAE CHEON,440787000,8821503,,,,,,,,,,,,117.59,,,,,,,,,
KOR,NO8 KYUNGYANG,441251000,9005297,,,,,,,,,,,,,312.88,,,,,,,,
KOR,NO9 KYUNG YANG,440647000,8610629,0.36,,,,,,,,1471.56,,,,460.72,,,,,,,,
KOR,O RYONG NO717,440807000,8815683,,,,,,,,,261.39,,,,,,,,,,,,
KOR,OCEAN ACE,441024000,9386665,,,,,,,,,,,,,,,1.28,,72.49,,,,0.32
KOR,OCEAN MASTER,440823000,8812227,,,,,,,,,,,,,,,,,4.88,,,,8.61
KOR,ORYONG 325,440055000,9019509,,,,,,,,,,,,,235.51,,,,,,,,
KOR,ORYONG NO 722,440936000,8829543,0.07,,,,,,,,,,,255.51,,,,,,,,,
KOR,ORYONG NO723,440885000,9019315,,,,,,,,,,,,170.08,,,,,,,,,
KOR,PANALOX 502,440617000,,,,,,,,8.77,,505.03,,,12.77,,,,,,,,,
KOR,PANALOX 503,440517000,,,,,,,,,,293.87,,,,,,,,,,,,
KOR,PANALOX 506,440522000,8916396,,,,,,,,,,,,418.71,,,,,,,,,
KOR,PANALOX NO501,440595000,8916358,0.43,,,,,,,,1405.54,,,281.27,357.47,,,,,,,,
KOR,PANALOX505,440549000,8916384,,,,,,,,,1076.28,,,414.04,342.46,,,,,,,,
KOR,SAJO ALEXANDRIA,440053000,,,,,,,,,,,,,,,,2.72,,12.95,,,,1.13
KOR,SAJO COLUMBIA,441166000,,,,,,,,,,,,,,,,,,,,,,0.44
KOR,SAJO CONCORDIA,440882000,9699593,,,,,,,,,,,,,,,8.59,,25.45,,,,8.02
KOR,SAJO FAMILIA,441853000,,,,,,,,,,,,,,,,,,,,,,0.19
KOR,SAJO POSEDONIA,441930000,,,,,,,,,,,,,,,,,,,,,,0.45
KOR,SAJO POTENTIA,441675000,9587063,,,,,,,,,,,,,,,,,,,20.04,,
KOR,SEGYERO,440195000,9713973,,,,,,,,,,,,,,,,,0.23,,,,12.97
KOR,SHILLA EXPLORER,440450000,9699567,,,,,,,,,,,,,,,,,,,,,0.5
KOR,SHILLA HARVESTER,441807000,,,,,,,,,,,,,,,,1.25,,,,,,0.06
KOR,SHILLA JUPITER,441066000,9199220,,,,,,,,,,,,,,,,,,,,,2.67
KOR,SHILLA SPRINTER,441837000,9634945,,,,,,,,,,,,,,,13.34,,,,,,
KOR,SHIN YUNG 53,440628000,8815712,2.68,,,,,,,,447.19,,,,,,,,,,,,
KOR,SHINYUNG NO52,440612000,8717984,,,,,,,,,314.66,,,1642.86,850.12,,,,,,,,
KOR,SHINYUNGNO51,440604000,8714231,,,,,,,,,,,,84.84,,,,,,,,,
KOR,TERAAKA,440167000,9743423,,,,,,,,,,,,,,,,,,,,,9.0
KOR,TONINA 3,440648000,8821565,,,,,,,16.27,0.15,397.15,,,,,,,,,,,,
KOR,TONINA5,440645000,9001423,,,,,,,,,639.14,,,601.17,540.83,,,,,,1.26,,
MHL,JABBUK,538060020,9784477,43.28,,341.56,,,,,,,,,,83.33,,,3.71,156.48,,151.77,596.44,21.89
MHL,KOO'S 101   >>>>>>>>,538060007,9348120,6.79,,,,,,,,,,,,,,2.33,,0.16,,,11.21,
MHL,KOO'S 102,538060008,9349899,,,,,,,,,,,,,,,3.86,,19.41,,,0.51,
MHL,KOO'S 108,538060006,9289219,24.27,,4.18,,,,,,,,,,,,1.0,,54.86,,,,
MHL,KOO`S 103,538060023,,4.32,,17.24,,,,,,,,,,,,2.38,,,,,2.7,
MHL,LAJABWIL,538060022,9784491,96.44,,12.56,,,,,,,,,,,,317.61,,180.55,,45.61,349.87,1.61
MHL,LOMALO,538060019,9588665,12.72,,57.58,,,,,,,,,,,,,,283.8,,,120.07,32.56
MHL,LOMETO,538060016,9583419,39.58,,142.3,,,,,,,,,,,,5.3,,185.18,,,197.19,44.16
MHL,MARSHALLS 201,538060004,9206982,,,,,,,,,,,,,,,,,1.77,,,,
MHL,MARSHALLS 202,538060005,9206994,22.63,,,,,,,,,,,,,,1.09,,,,,,
MHL,SHEN LIAN CHENG 722,538060012,,3108.98,,,,,,,,,,,,,,,,,,,,
MHL,SLC 725,538060014,,795.765,,,,,,,,,,,,,,,,,,,,
MHL,SLC721,538060011,,1691.03,,,,,,,,,,,,,,,,,,,,
MHL,UNAAK,538060021,9784489,119.02,,24.34,,,,,,,,,,,,29.83,,17.51,,26.29,117.78,
NAM,HELENA NDUME,659096000,8510817,,,,,,,,,,,,,,,,,,3.72,,,
NLD,ALLANKAY,244731699,9188960,,,,,,,,,,,,,,,,,123.35,,,,28.35
NOR,BELMONDO,258071000,9951989,,,,,,,,,,,,,,,,,,,,,58.43
NOR,DON QUIJOTE,257264000,9138525,,,,,,,,,,,,,,,,,0.85,,,,
NRU,CENTURY PRIDE,544124120,9417397,,,177.39,,0.48,,,,5.25,,,,,,67.86,,7.85,,,311.74,
NRU,CENTURY RANGER,544125120,9394789,0.68,,34.04,,,,,,,,,,,1.5,,,17.92,,,28.92,
NRU,EASTERN MARINE,544112120,,5.98,,17.39,,,,,,,,,,,,9.71,,24.57,,,50.26,6.11
NRU,EASTERN STAR,544113120,8996097,9.01,,,,,,,,,,,,,,0.39,,23.53,,,2.72,
NRU,KAILE 888,544115120,9708241,,,,,,,,,,,,,,,,,32.5,,,,
NRU,KAOHSIUNG MANZAI 707,544181120,8996308,,,,,,,,,,,,,,,0.04,,72.68,,,,3.04
NRU,MALVA888,544116120,9761396,,,7.81,,,,,,,,,,,,,,,,,31.14,
NRU,MARITA 88,544117120,9720354,,,,,,,,,,,,,,,,,640.25,,,,
NRU,NAOERO STAR,544101120,8813477,,,,,,,,,,,,,,,2.24,,0.57,,,18.61,
NRU,NEW SPLENDOR,544128120,9771951,0.72,,1.16,,,,,,,,,,,,,,,,,,
NRU,OCEAN CHALLENGER,544130120,9517264,0.8,,,,,,,,,,,,,,4.31,,,,,,
NRU,OCEAN ENCOUNTER,544137120,,2.83,,26.1,,,,,,,,,,,,117.37,,404.91,,,13.45,20.68
NRU,OCEAN GALAXY,544139120,,1.4,,,,,,,,,,,,,,3.98,,,,,0.37,
NRU,OCEAN WARRIOR,544131120,9097317,46.43,,27.27,,,,,,,,,,0.32,,39.24,,52.95,,,54.42,
NRU,ORIENTAL MARINE,544114120,9217357,66.71,,11.75,,,,,,,,,,,,,,,,,20.38,
NRU,SIMBUN88,544118120,9745469,,,,,,,,,,,,,,,9.39,,98.27,,,,
NZL,KENA,512011018,,,114.38,,,,,,,,,,,,,,,,18.67,,,
NZL,NOVEMBER RAIN,512004925,,,,,0.69,,,,,,,,,,,,,,,,,
NZL,ORNEFJELD,512455000,,,,,0.61,,,,,,,,,,,,,,,,,
NZL,REEL EASY,512011092,,,140.31,,,,,,,,,,,,,,,,,,,
NZL,STARLIGHT II,512003200,,,,,,,,,,,,,,,,,,,2.92,,,
NZL,TINTIN,512011321,,,,,,,,,,,,,,,,,,,5.7,,,
PAN,RONGDAYZNG28-04,355894945,,,,,,,,,,66.67,,,,47.44,,,,,,225.62,,
PHL,BELINDA,548725000,9108946,,,,,,,,,,,,,,,,,127.93,,,,
PHL,CHENILLE,548204300,8204585,,,,,,,,,,,,,,,,,1753.23,,,,
PHL,DISCOVERY 101,548831000,8628614,,,,,0.92,,,,,,,,,,,,2655.23,,,,
PHL,DISCOVERY 105,548051500,9729295,,,,,,,,,,,,,,,,,12.88,,,,
PHL,DOLORES 873,548990500,9903190,,,,,,,,,,,,,,,,,1246.44,,,,
PHL,F/B TRESKA,548045600,7727920,,,,,,,,,,,,,,,,,2135.2,,,,
PHL,GABRIELLE LT,548057500,,,,,,,,,,,,,,,,,,124.03,,,,12.98
PHL,JASMIN 888,548954200,8822064,,,,,,,,,,,,,,,,,1669.71,,,,
PHL,KAMILAH,548604400,,,,,,14.32,,,,,,,,,,,,332.8,,,,
PHL,LAUREN MARIE TAYLOR,548687200,8748517,,,,,,,,,,,,,,,,,1.75,,,,
PHL,NAN,548609600,,,,,,108.55,,,,,,,,,,,,,,,,
PHL,QUEEN JINA 101,548957000,9016545,,,,,,,,,,,,,,,,,7.08,,,,
PHL,QUEEN MARILOU 777,548746700,9109342,,,,,,,,,,,,,,,,,7.38,,,,
PHL,QUEEN MARILOU 888,548657700,9009736,,,,,,,,,,,,,,,,,215.11,,,,
PHL,QUEEN MARILOU 999,548817700,9033282,,,,,,,,,,,,,,,,,112.8,,,,
PHL,QUEENEVELYN-101,548201400,8747238,,,,,,,,,,,,,,,,,18.44,,,,
PHL,SOPHIA MARTINA,548058500,,,,,,,,,,,,,,,,,,1.73,,,,
PHL,SUNFLOWER 8,548799200,,,,,,,,,,,,,,,,,,274.16,,,,
PHL,VEERA,548636700,9009748,,,,,,,,,,,,,,,,,22.87,,,,
PNG,AGAROBE,553112020,,,,,,,,,,,,,,,,,,310.62,,,,
PNG,AMARYLLIS 88,553111850,8748529,,,,,,,,,,,,,,,,,747.02,,,,
PNG,CAPS NO1,553111844,,,,,,,,,,,,,,,,,,4435.73,,,,
PNG,FTV POKAJAM,553111845,,,,,,,,,,,,,,,,,,47.26,,,,
PNG,GARDENIA 888,553111789,8648028,,,,,,,,,,,,,,,,,2516.15,,,,
PNG,GOLDEN SAPPHIRE 88,553111790,8324177,,,,,,,,,,,,,,,,,2259.35,,,,
PNG,KEAUTA,553111380,,,,,,,,,,,,,,,,,,486.99,,,,
PNG,MAMORI,553111572,,,,,,,,,,,,,,,,,,462.65,,,,
PNG,MILFLORES 888,553111788,8648030,,,,,,,,,,,,,,,,,1109.76,,,,
PNG,NIUPELALIP NO8,553111643,8520185,,,,,,,,,,,,,,,,,1906.04,,,,
PNG,PURPLELILAC888,553111638,,,,,,,,,,,,,,,,,,1082.11,,,,
PNG,VIVA BEAR 707,553111997,9400265,,,,,,,,,,,,,,,,,1573.37,,,,
PNG,VIVA EAGLE 707,553111991,8974398,,,,,,,,,,,,,,,,,6.11,,,,
PNG,VIVA LION 707,553111992,9556674,,,,,,,,,,,,,,,,,39.66,,,,
PNG,VIVA WANTWANT 707,553112000,9294628,,,,,,,,,,,,,,0.32,,,262.61,,,,
PNG,WINBEST707,553111740,8996293,,,,,,,,,,,,,,,,,82.06,,,,10.14
POL,FOLLOW ME,261005266,,,,,,,,,,,,,,,,,,,2.42,,,
SLB,MARINE PIONEER,557009800,8748490,,,,,,,,,,,,,,,,,14.86,,,,194.77
SLB,RSIPV TARO,557009600,4734207,,,,,,,,,,,,,,,,,,,,,0.28
SLB,SOUTHERN SEAS 301,557005500,9764415,,,23.22,,,,,,,,,,,,2.0,,30.51,,,10.91,11.88
SLB,SOUTHERN SEAS NO302,557005600,9764427,,,226.68,,,,,,,,,,,,,,413.56,,,211.36,220.4
SLB,SOUTHERN SEAS NO303,557005700,,,,2.33,,,,,,,,,,,,,,233.37,,,7.31,179.85
SLV,MONTELUCIA,359001000,9232668,,,,,,,,,,,,0.88,,,,10.41,,,,,
TON,SUN LONG 01,570712033,,,248.08,,,,,,,,,,,,,,,,,,,
TUV,DEOLINDA,572404220,7827469,,,,,,,,,,,,,,,7.25,,,,,,
TUV,ELSPETH,572386220,7827483,,,,,,,,,,,,,,,11.02,,8.11,,,8.65,10.54
TUV,TAINA,572975210,8102921,,,,,,,,,,,,,,,3.08,,,,,,74.32
TWN,168,416881476,,,,,,,,384.47,,,,,,,,,,,,,,
TWN,52031,416002412,,,,,,,,27.95,,,,,,,,,,,,,,
TWN,AMALI,416002099,,,,,,,122.51,,,,,,,,,,,,,,,
TWN,AN WEN FA,416002799,,,,,,,969.79,0.25,,,,,,,,,,,,,,
TWN,AN WEN FA NO22,416000521,,,,,,,533.57,983.98,,,,,,,,,,,,,,
TWN,AN WEN FA NO35,416003627,,,,,,,,158.41,,,,,,,,,,,,,,
TWN,CFA26,416232900,,2674.72,,,,,,,,,,,,,,0.35,,,,,,
TWN,CFA27,416233500,,3476.36,,,,,,,,,,,,,,,,,,,,
TWN,CHAD FU CHANG,416224500,,,,,,,,124.87,,,,,,,,,,,,,,
TWN,CHANG YI NO368,416004248,,,,,,,30.9,,,42.03,,,14.96,330.64,,,,,,,,
TWN,CHANG YI NO38,416217900,,,,,,,747.43,584.07,0.16,,,,,,,,,,,,,
TWN,CHAO FA NO368,416004442,,,,,,0.41,803.62,203.07,1.37,18.89,,,498.69,,,,,,,,,
TWN,CHAO FA NO6,416221600,,,,,,556.54,,1350.0,,744.04,,,,,,,,,,,,
TWN,CHAO YI NO188,416082900,,,,,,,662.46,1.06,,,,,,224.17,,,,,,,,
TWN,CHAO YI NO368,416079500,,,,,,509.05,1099.45,70.85,,627.16,,,,,,,,,,,,
TWN,CHAO YI NO76,416000221,,,,,,,196.3,,,590.73,,,,1542.11,,,,,,0.4,,
TWN,CHARNG FU HUNG NO116,416009283,,1.76,,,,,9.29,,,,,,716.37,,,,,,,,,
TWN,CHENG JHAN HSIANG,416221900,,,,,,,,,,1187.32,,,,1106.135,,,,,,,,
TWN,CHERNG YIH MAAN,416002216,,,,,,,866.7,,,,,,,,,,,,,,,
TWN,CHI CHIH CHING NO1,416000446,,,,,,,,765.2,,,,,,,,,,,,,,
TWN,CHI CHIH CHING NO21,416000445,,,,,,,,1161.73,,,,,,,,,,,,,,
TWN,CHI FA NO1888,416005715,,,,,,,47.34,,,,,,,,,,,,15.51,,,
TWN,CHI HONG FA,416002103,,,,,,,,446.59,,,,,,,,,,,,,,
TWN,CHI HONG NO899,416004591,,,11.36,,,,25.56,,,7.21,,,8.93,,,,,,,,,
TWN,CHI HSIANG NO889,416242800,,,,,,0.16,,,,,,,195.52,,,0.18,,,,,,
TWN,CHI TSAI NO988,416002962,,,,,,,,,,,,,894.31,,,,,,,,,
TWN,CHIA CHI HSING NO10,416001829,,,,,,4.06,,24.59,,,,,,,,,,,,,,
TWN,CHIA CHUN 23,416002622,,,,,,,,224.27,,,,,,,,,,,,,,
TWN,CHIEN CHANG NO226,416342000,,0.45,,,,,,,,,,,,,,,,,,,,
TWN,CHIEN TE FA NO8,416002404,,,,,,,1339.8,,,,,,,,,,,,,,,
TWN,CHIEN YUAN MING,416004594,,,,,,3.13,33.74,2.23,,,,,,,,26.47,,6.66,,,,80.82
TWN,CHIEN YUAN MING NO88,416009012,,,,,,,638.43,115.55,,,,,,,,3295.93,,,,,,
TWN,CHIH CHI FENG NO1,416002744,,,,,,,785.79,,,,,,,,,,,,,,,
TWN,CHIH CHI HSING NO1,416000361,,,,,,,,264.2,,,,,,,,,,,,,,
TWN,CHIN CHI HSING NO2,416198700,,,,,,4428.76,,114.07,,,,,,,,,,,,,,
TWN,CHIN DONG FA NO6,416001007,,,,,,67.73,,1607.08,,,,,,,,,,,,,,
TWN,CHIN MAN FA NO 12,416002343,,,,,,385.22,1446.28,978.87,1.07,,,,,,,5.73,,,,,,
TWN,CHIN TE CHENG 166,416226700,,,,,,23.92,121.99,4.42,,,,,,,,,,,,,,
TWN,CHIN TE CHENG 188,416002467,,,,,,2391.44,231.92,461.17,,1131.52,,,,,,14.46,,,,,,
TWN,CHIN YOU MING,416232500,,,,,,,,,,,,,27.47,,,,,,,,,
TWN,CHIN YOU WEN,416122800,,,,,,,0.29,,,,,,94.76,,,,,,,,,
TWN,CHIN YU CHENG NO,416002131,,,,,,,,31.54,,,,,,,,,,,,,,
TWN,CHING CHENG FU NO66,416004049,,,,,,333.02,,0.15,,460.3,,,,2555.97,,,,,,0.1,,
TWN,CHING CHUEN FA NO10,416002888,,,,,,,,842.17,,,,,,,,,,,,,,
TWN,CHING TSAI FA NO11,416000344,,,,,,,976.62,262.77,,,,,,,,,,,,,,
TWN,CHINLONGFA,416001833,,,,,,,684.65,478.07,2.1,,,,,,,,,,,,,
TWN,CHIUANFACHENG NO166,416211600,,3.31,,,,,293.76,16.91,1.45,,,,,,,,,,,,,
TWN,CHU HUAI NO 668,416002274,,,,,,265.15,1023.89,221.39,,884.15,,,,,,,,,,,,
TWN,CHU HUAI NO888,416218800,,,,,,108.08,,,,540.93,,,538.81,420.42,,19.02,,,,,1.09,
TWN,CHUAN FA SHIAN 288,416008422,,,,,,7.12,,,,28.1,,,1545.79,516.7,,,,,,13.46,,
TWN,CHUAN FA SHIAN NO88,416002948,,,,,,,,,,,,,1046.9,574.38,,,,,,,,
TWN,CHUAN HSIANG NO368,416002469,,,,,,163.57,,,,324.78,,,41.41,177.14,,0.1,,,,2.17,,
TWN,CHUAN HSIANG NO866,416002585,,,,,,,,,,56.62,,,1165.93,134.39,,,,,,,,
TWN,CHUAN HSIN NO128,416213800,,,,,,,1947.25,1.71,,100.02,,,,,,,,,,,,
TWN,CHUAN SHYANG NO22,416004341,,,,,,,,,,386.6,,,1626.63,197.22,,,,,,0.07,,
TWN,CHUAN SHYANG NO98,416002586,,,,,,,,,,152.32,,,1701.51,319.83,,,,,,0.65,,
TWN,CHUN I NO11,416005188,,,,,,,,,,,,,,,,,,,0.93,,,
TWN,CHUN I NO12,416005220,9819791,,,,,1.51,,,,,,,,,,,,6.31,,,,
TWN,CHUN I NO218,416174900,,,,,,,,,,,,,,,,,,,1.04,,,
TWN,CHUNG YIH,416002614,,,,,,,,8.44,,,,,,,,,,,,,,
TWN,CHYUAN LIANG FA,416002173,,,,,,,244.14,31.71,,,,,,,,,,,,,,
TWN,CHYUAN LIANG FA 228,416003306,,,,,,,1035.83,15.46,,,,,,,,,,,,,,
TWN,CHYUAN LIANG FA NO2,416000702,,,,,,,,1847.33,,,,,,,,,,,,,,
TWN,CHYUAN YEOU TSAIRNO1,416002526,,,,,,,,1084.72,,,,,,,,,,,,,,
TWN,CHYUANYEOUTSAIRNO16,416002415,,,,,,,,122.81,,,,,,,,,,,,,,
TWN,CHYUANYEOUTSAIRON16,416002415,,,,,,,,1007.28,,,,,,,,,,,,,,
TWN,CING YI WANG NO3,416002121,,,,,,,,354.23,,,,,,,,,,,,,,
TWN,CT4-4398,416000286,,,,,,,,39.59,,,,,,,,,,,,,,
TWN,CYUAN SHENG FA,416001054,,,,,,,,538.6999999999999,,,,,,,,,,,,,,
TWN,DAH FENG CHYUN,416001476,,,,,,,,218.17,,,,,,,,,,,,,,
TWN,DAR TSAI FA,416003224,,,,,,,,107.43,,,,,,,,,,,,,,
TWN,DE CHAN,416004662,,,,,,,,,,140.47,,,404.29,810.61,,,,,2.8,2.24,,
TWN,DE CHAN NO116,416251500,,,,,,,,,,,,,335.07,912.49,,,5.75,,3.12,,3.41,
TWN,DE CHAN NO26,416247500,,5.46,,,,,36.11,,,,,,153.6,811.38,,8.67,,,55.4,,0.63,
TWN,DE CHAN ON44,416004887,,0.99,,,,,55.5,,,,,,141.91,375.33,,,,,18.19,,,
TWN,DE YU NO26,416229600,,,,,,,,,,,,,692.56,849.83,,,,,61.05,,,
TWN,DER CHENG,416003636,,,,,,620.94,,81.9,,,,,,,,,,,,,,
TWN,DONG SHENG FU NO27,416003418,,,,,,,,527.5,,,,,,,,,,,,,,
TWN,DONG SHENG JYI NO 16,416002096,,,,,,,1286.69,1.0,,,,,,,,,,,,,,
TWN,ESSIEN,416052600,,,,,,,6.48,,,,,,,,,,,,,,,
TWN,FAIR BRAVO 707,416004728,9738703,,,65.91,,,,,,,,,,,,15.58,,1310.15,,,23.63,119.08
TWN,FAIR WELL NO707,416004831,8996346,,,,,,,,,,,,,,,,,247.04,,,,
TWN,FENG YU QUN,416229700,,,,,,,255.13,,,,,,,,,,,,,,,
TWN,FISH YUA MAN,416001733,,,,,,,,728.08,,,,,,,,,,,,,,
TWN,FONG KUO #889,416238800,9674244,,,,,,,,,,,,,,,1.31,,10.46,,,1.55,0.87
TWN,FONG KUO NO688,416253900,9764271,19.87,,7.57,,,,,,,,,,,,2.44,,6.94,,,14.39,5.79
TWN,FONG KUO NO828,416242900,9712137,,,,,,,,,,,,,,,14.44,,,,,,
TWN,FONG KUO NO866,416411000,8748646,,,,,,,,,,,,,,,3.04,,,,,,
TWN,FONG KUO NO:188,416243600,,,,3.15,,,,,,,,,,,,42.71,,20.1,,,3.16,
TWN,FONG KUO NO:189,416243700,,,,,,,,,,,,,,,,8.73,,1.56,,,3.35,
TWN,FU LONG  SHUN,416002143,,,,,,,,,,,,,1421.62,407.45,,,,,,,,
TWN,FU SHENG JIN,416000846,,,,,,,,128.72,,,,,,,,,,,,,,
TWN,FU YUAN NO2,416168600,,,,,,,,,,,,,16.09,,,,,,,,,
TWN,FUH AN NO 1,416000373,,,,,,,,933.2,,,,,,,,,,,,,,
TWN,FUN SHYANG NO2,416002101,,,,,,,,476.0,,,,,,,,,,,,,,
TWN,FURE CHYUN NO12,416000853,,,,,,,,2231.19,,,,,,,,,,,,,,
TWN,FURE MAAN CHYUN,416000819,,,,,,,,646.04,,,,,,,,,,,,,,
TWN,FURE MAAN CHYUN NO56,416002363,,,,,,,,1019.37,,,,,,,,,,,,,,
TWN,FWU MAAN CHYUN NO56,416002363,,,,,,,,69.18,,,,,,,,,,,,,,
TWN,FWU TSAIR YIH NO1,416002747,,,,,,,2085.51,,,,,,,,,,,,,,,
TWN,GOANG SHING LIH,416000222,,,,,,,,920.79,,,,,,,,,,,,,,
TWN,GOANG SHING LIH NO6,416002142,,,,,,,,467.3233333333333,,,,,,,,,,,,,,
TWN,HAI CHIEN HSING,416002441,,1.99,,,,,2071.37,31.05,24.42,1473.94,,,,,,,,,,,,
TWN,HAI CHIEN HSING NO2,416002922,,,,,,84.08,2799.58,29.04,,248.45,,,,,,4.01,,,,,,
TWN,HAI JYI CHENG NO1,416002934,,,,,,,,4338.48,,,,,,,,,,,,,,
TWN,HAI TE HSING NO23,416001271,,,,,,,,914.13,,,,,,,,,,,,,,
TWN,HE SHUN  NO 6,416002995,,,,,,175.83,,231.94,,,,,,,,,,,,,,
TWN,HE SHUN NO3,416002941,,,,,,434.94,465.49,1283.65,,,,,,,,,,,,,,
TWN,HER HAE,416214700,,,,,,,1579.75,,,,,,,442.03,,,,,,,,
TWN,HER HAE 38A,416003472,,,,,,,1048.86,10.89,,,,,,,,,,,,,,
TWN,HER HAE NO 26,416003413,,,,,,,672.63,17.41,,,,,,482.8,,,,,,,,
TWN,HER HAE NO38,416003472,,,,,,,700.9,0.28,,,,,,,,,,,,,,
TWN,HO LINE TSAI,416000292,,,,,,,,0.52,,,,,,,,,,,,,,
TWN,HON HAI NO239,416217800,,,,,,,,870.09,,,,,,,,,,,,,,
TWN,HON YUN NO23,416002443,,,,,,,1487.09,,,,,,,,,,,,,,,
TWN,HONG AN NO2,416086600,,,,,,,,,,,,,129.04,,,,,,,,,
TWN,HONG XIN NO112,416001008,,9.1,,,,39.68,1593.32,405.51,,60.38,,,904.69,,,,,,,,1.78,
TWN,HOU CHUN NO1,416032700,,,,,,,,,,0.9,,,,,,,,,9.0,,,
TWN,HSIEH FENG NO788,416248600,9789582,71.41,,71.71,,,,,,,,,,,,,,30.83,,,365.45,17.66
TWN,HSIEH FENG NO789,416248700,9804265,,,153.85,,,,,,,,,,,,,,265.63,,,378.21,161.41
TWN,HSIN MING TSAI NO6,416154700,,,,,,2615.01,,1517.89,,,,,,,,,,,,,,
TWN,HSIN YU FU NO111,416002174,,,,,,,,215.13,,,,,,,,,,,,,,
TWN,HSING FA CHENG NO10,416000466,,,,,,,,644.54,,,,,,,,,,,,,,
TWN,HSING MAN HSIANG,416002112,,,,,,,,2216.87,,,,,,,,,,,,,,
TWN,HUANG YU,416869000,,,,,,,,,,,,,0.61,,,,,,,,,
TWN,HUNG SHING NO112,416249600,,,,,,,,,,359.85,,,,,,,,,,,,455.32
TWN,HUNG WEN NO322,416005836,,,,,,,74.24,,,,,,,579.31,,,,,,,,
TWN,HUNG YI NO2,416171600,,,,,,,,56.53,,,,,,,,,,,,,,
TWN,JENN FENG YI NO1,416000137,,,,,,,378.12,,,,,,,,,,,,,,,
TWN,JHAO FONG 11,416004048,,,,,,,,30.9,,,,,,,,,,,,,,
TWN,JHIH JI MING,416000299,,,,,,,,886.94,,,,,,,,,,,,,,
TWN,JI FU FA,416000943,,,,,,,,509.82,,,,,,,,,,,,,,
TWN,JI FU FA,416003701,,,,,,,,86.91,,,,,,,,,,,,,,
TWN,JI FU NO68,416002981,,,,,,,1764.5,96.94,,,,,,,,,,,,,,
TWN,JIA SHUN LI NO 6,416000313,,,,,,,,411.32,,,,,,,,,,,,,,
TWN,JIA YU FA,416000212,,,,,,,724.81,,,,,,,,,,,,,,,
TWN,JIANN FURE CHYUN NO1,416002109,,,,,,,,139.04,,,,,,,,,,,,,,
TWN,JIANN SHENG WANG 3,416002648,,,,,,,,81.43,,,,,,,,,,,,,,
TWN,JIANNSHENGWANG NO3,416002648,,,,,,,,428.62,,,,,,,,,,,,,,
TWN,JIH CHUN TSAI NO6,416000374,,,,,,,,62.12,,,,,,,,,,,,,,
TWN,JIH YU 568,416006468,9923645,,,,,,,1.8,,,,,,,,114.42,,75.69,,,,4.73
TWN,JIH YU NO168,416004000,9794745,20.54,,,,,,,,,,,,,,3.03,,,,,,
TWN,JIH YU NO668,416244500,9732876,,,,,,,,,,,,,,,249.71,,,,,,
TWN,JIH YU NO868,416247900,9781542,14.39,,,,,,,,,,,,,,,,2.76,,,10.38,
TWN,JIH YU NO968,416240900,9680164,13.33,,,,,,,,,,,,,,0.62,,,,,,
TWN,JIH YU NO:768,416247600,9765976,24.23,,,,,,,,,,,,,,,,,,,3.73,0.43
TWN,JIN CHANG NO21,416004687,,,,,,,849.86,,,,,,,,,,,,,,,
TWN,JIN CHIN FU NO26,416004687,,,,,,159.6,2244.57,,,,,,,,,,,,,,,
TWN,JIN CHIN FU NO36,416004675,,2.55,,,,,490.83,,,,,,,,,,,,,,,
TWN,JIN CHING FA,416000447,,,,,,269.78,,2.33,,,,,,,45.18000000000001,,,,,,,
TWN,JIN CHUAN YI,416001567,,,,,,1179.89,,511.05,,2045.88,,,,,,,,,,,,
TWN,JIN DE MAN NO1,416004214,,,,,,6.13,,,,41.8,,,,1036.17,,,,4.83,7.81,,,
TWN,JIN FONG SHUUN,416785000,,,,,,,,0.25,,,,,,,,,,,5.33,,,
TWN,JIN FU SHIANG NO36,416003561,,,,,,170.35000000000002,793.18,71.65,,727.3050000000001,,,,,,0.425,,,,,,195.08
TWN,JIN FU YI,416199500,,,,,,,652.05,551.52,,,,,,,,,,,,,,
TWN,JIN HAE FUN NO368,416002298,,,,,,,120.25,,,,,,,,,,,,,,,
TWN,JIN HO NO33,416070700,,,,,,,517.26,192.42,0.25,,,,,,,,,,,,,
TWN,JIN HSIANG FA,416077500,,,,,,,1564.18,,15.38,1713.68,,,,,,,,,,,,
TWN,JIN HSIANG MAN,416221800,,,,,,977.34,,185.98,,934.925,,,,,,,,,,,,
TWN,JIN HSIANG WANG,416004759,,,,,,,,11.38,,763.04,,,,2327.08,,6.09,,,,,1.52,
TWN,JIN HUNG CHENG,416004098,,,,,,796.79,,,,1509.53,,,609.82,1058.44,,,,,,30.71,23.47,
TWN,JIN HUNG HSIAANG,416002446,,,,,,,682.55,,,,,,642.13,878.51,,,1.05,,,,,
TWN,JIN HUNG MAN,416222700,,,,,,,,,,930.82,,,,3252.62,,,,,,,6.59,
TWN,JIN JAAN SHYANG 37,416000275,,,,,,,,741.86,,,,,,,,,,,,,,
TWN,JIN JAAN SHYANG NO2,416000369,,,,,,,,898.77,,,,,,,,,,,,,,
TWN,JIN JAAN SHYANG NO68,416002149,,,,,,,,912.55,,,,,,,,,,,,,,
TWN,JIN JAAN SHYANG NO8,416002147,,,,,,,556.49,688.76,,,,,,,,,,,,,,
TWN,JIN JAAN SHYANGNO168,416002231,,,,,,,573.96,287.85,,,,,,,,,,,,,,
TWN,JIN JIIN YI NO36,416004085,,,,,,,,,,,,,,,,,,,,,,3767.27
TWN,JIN JINN YI NO16,416000235,,,,,,,,,,,,,,,,,,,,,,4481.13
TWN,JIN JINN YI NO26,416003089,,,,,,,,,,78.76,,,,,,,,,,,,3894.34
TWN,JIN JINN YI NO268,416003074,,,,,,,,,,77.86,,,,,,,,,,,,5339.71
TWN,JIN JINN YI NO626,416003741,,,,,,,,,,,,,,,,,,,,,,7.38
TWN,JIN JINN YI NO66,416234900,,,,,,,,,,,,,,,,,,,,,,3904.31
TWN,JIN JINN YI NO668,416217500,,,,,,,,,,59.35,,,,,,,,,,,,2723.69
TWN,JIN JINN YI NO818,416009372,,,,,,,,,,41.84,,,,,,,,,,,,1513.34
TWN,JIN JINN YI NO828,416004246,,,,,,,,,,,,,,,,,,,,,,2654.17
TWN,JIN LIANG MAN NO18,416004389,,,,,,,,2123.72,,,,,,,,,,,,,,
TWN,JIN LONG YU NO128,416001965,,,,,,,1225.86,,,,,,,,,,,,,,,
TWN,JIN MAAN SHYANG NO12,416000358,,,,,,,391.95,1804.45,,,,,,,,,,,,,,
TWN,JIN MAN FU NO10,416004375,,,,,,2809.1,1070.29,368.34,,,,,,,,,,,,,,
TWN,JIN MAN XIANG NO36,416002938,,,,,,,2594.92,2.06,,,,,,,,,,,,,,
TWN,JIN MING CAI NO6,416002724,,,,,,,278.33,,,,,,,,,,,,,,,
TWN,JIN SHUN NO88,416004342,,,,,,1198.97,3063.08,328.49,,,,,,,,,,,,,,
TWN,JIN SHUN YI NO1,416002596,,,,,,,,,,1261.71,,,,3988.92,,,,,14.82,,1.56,
TWN,JIN SING SHYANG NO11,416003484,,,,,,,408.845,0.25,0.75,,,,,,,,,,,,,
TWN,JIN SING SHYANG NO13,416000461,,,,,,1294.48,,17.62,,2336.64,,,,,3.83,0.78,,,,,,
TWN,JIN SING SHYANG NO7,416002904,,,,,,,980.16,108.7,,,,,,,,,,,,,,
TWN,JINN FWU TSAIR NO66,416002291,,,,,,1045.5,,1010.73,,,,,,,,,,,,,,
TWN,JINN JI SHYANG NO22,416002105,,,,,,,183.71,,,,,,,,,,,,,,,
TWN,JINN JYI CHYUNG 268,416000519,,,,,,,362.4,304.02,,,,,,,,,,,,,,
TWN,JINN YING LIH,416002481,,,,,,,,995.55,,,,,,,,,,,,,,
TWN,JIUN FWU SHING,416004478,,,,,,,,355.63,,,,,,,,,,,,,,
TWN,JUE DER NO112,416249600,,,,,,,,,,,,,,,,,,,,,,2898.84
TWN,JUNG CHENG FA 25,416888632,,,,,,,,1815.52,,,,,,,,,,,,,,
TWN,JUNG CHENG FA NO25,416000632,,,,,,,,1860.94,,,,,,,,,,,,,,
TWN,JYI TSAIR NO28,416001052,,,,,,,,448.41,,,,,,,,,,,,,,
TWN,KAI SHENG,416003814,,,,,,391.08,,556.15,,3027.76,,,,,,,,,,,,
TWN,KUN CHI CHAI,416003158,,,,,,,,117.88,,,,,,,,,,,,,,
TWN,LI CHENG NO28,416127500,,,,,,,969.75,,,,,,,,,,,,,,,
TWN,LI HUNG NO666,416002591,,,,,,,,43.81,,60.64,190.99,,,1390.84,,,,,0.21,1.93,,
TWN,LI HUNG NO868,416127800,,,,,,832.77,,334.26,,1295.39,,,,,,0.54,,,,,,
TWN,LIAN CHENG FA NO6,416000636,,,,,,,,126.39,,,,,,,,,,,,,,
TWN,LIAN JI FA NO212,416216800,,,,,,,,,,,,,248.62,,,,,,,,,
TWN,LIAN SHENG CHYUN,416000199,,,,,,,,805.85,,,,,,,,,,,,,,
TWN,LIAN SHENG NO168,416004421,,,,,,,,5.17,,337.8,,,,1291.64,,8.96,,,,1.05,,
TWN,LIAN SHENG NO369,416005370,,,,,,,,,,2306.18,,,,1513.27,,,,,,16.22,,
TWN,LIAN YEOU YI,416002099,,,,,,,176.9,,,,,,,,,,,,,,,
TWN,LIAN YI HSING NO12,416001084,,,,,,609.07,846.38,577.155,,,,,,,,3.45,,,,,,
TWN,LIEN CHI FA NO98,416002695,,,,,,,,34.94,,447.05,,,,,,,,,,,,
TWN,LIEN RUEY FA NO12,416003187,,,,,,,,1000.25,,,,,,,,,,,,,,
TWN,LIEN YU CHUN 23,416002946,,28.21,,,,,1140.1,,2.64,,,,,,,,,,,,,
TWN,LONG DER SHING,416002835,,,,,,,,92.28,,,,,,,,,,,,,,
TWN,LONG SHENG MAAN,416000418,,,,,,,,71.47,,,,,,,,,,,,,,
TWN,LONG SHING YU NO3,416003867,,,,,,,,170.16,,,,,,,,,,,,,,
TWN,LONG SOON NO886,416353000,,,,,,,,,,,,,324.52,,,,,,,,,
TWN,LUNG SOON NO212,416119900,,,,,,,,,,,,,5.51,,,,,,,,,
TWN,MAAN DAH FENG NO2,416003357,,,,,,,,358.44,,,,,,,,,,,,,,
TWN,MAAN FENG JINN,416002535,,,,,,,,139.31,,,,,,,,,,,,,,
TWN,MAAN FONG NO 86,416000495,,,,,,,,12.17,,,,,,,,,,,,,,
TWN,MAAN FONG NO268,416000469,,,,,,1897.25,,363.53,,1007.0,,,,,,8.4,,,,,,
TWN,MAAN HSING CHYUU,416000196,,,,,,,0.22,,,,,,,,,,,,,,,
TWN,MAAN JYH FWU,416002967,,,,,,,,229.28,,,,,,,,,,,,,,
TWN,MAAN LIAN FA NO2,416002983,,,,,,,,520.26,,,,,,,,,,,,,,
TWN,MAAN SHIN CHYEN,416000202,,,,,,,,387.56,,,,,,,,,,,,,,
TWN,MAAN YIH FENG NO16,416000804,,,,,,82.55,,31.53,,,,,817.57,,,3.49,,,,,,
TWN,MAAN YIH FENG NO26,416000476,,,,,,,154.78,2.01,,,,,87.08,,,,,,,,,
TWN,MAAN YIH FENG NO266,416222500,,,,,,,44.65,,,,,,654.6,,,,,,,,,
TWN,MAAN YU FENG 3,416003009,,4.16,,,,,642.985,,,,,,,222.5,,,,,,,1.86,
TWN,MAAN YU FENG 368,416003703,,18.42,,,,,888.86,,,309.89,,,,1.64,,,,,,,,
TWN,MAAN YU FENG NO02,416002151,,,,,,,1352.53,,,,,,,,,,,,,,,
TWN,MAANHSINGCHYUU NO36,416002492,,,,,,1803.58,,,,356.2,,,654.8,,,,,,,,,
TWN,MAAN_FENG_TSAIR,416000627,,,,,,,,730.18,,,,,,,,,,,,,,
TWN,MAN  FU  LONG,416003658,,,,,,,,,,,,,1304.92,,,,,,,,,
TWN,MAN CAI YI,416004704,,,,,,,,414.9,,,,,,,,,,,,,,
TWN,MAN CHI FENG,416002768,,,,,,1094.97,1807.2,240.54,6.52,,,,,,,,,,,,,
TWN,MAN CHI FENG,416002876,,,,,,1634.47,,,,,,,,,,0.12,,,,,,
TWN,MAN CHUN,416000265,,,,,,,492.8,,,,,,,,,,,,,,,
TWN,MAN FU TSAI NO 9,416075900,,2.53,,,,,,,,,,,1655.73,,,,,,,,,
TWN,MAN FU TSAI NO11,416000301,8791928,,,,,,,,,,,,899.69,19.71,,,,,,,,
TWN,MAN FU TSAI NO11,416000301,,,,,,,,,,,,,920.21,,,,,,,,,
TWN,MAN FU TSAI NO168,416218600,,,,,,,,,,,,,1335.13,,,,,,,,,
TWN,MAN FU TSAI NO88,416002825,,,,,,,51.17,,,,,,1106.69,,,,,,,,,
TWN,MAN I FENG NO2,416000631,,,,,,,,1121.36,,,,,,,,,,,,,,
TWN,MAN I HSING,416002161,,,,,,,,170.13,,,,,,,,,,,,,,
TWN,MAN QING FONG NO33,416225800,,,,,,,,299.3,,,,,,,,,,,,,,
TWN,MAN SHENG FA NO8,416003933,,,,,,,,70.54,,,,,,,,,,,,,,
TWN,MAN YI FENG NO66,416195900,,,,,,,,,,,,,758.99,1590.48,,,,,,0.66,,
TWN,MAN YIH FENG NO166,416196600,,1.97,,,,,0.29,,,,,,61.14,,,,,,,,,
TWN,MAN YING CAI NO6,416003793,,3.72,,,,221.97,,1240.91,,363.7,,,822.27,,,32.47,,,,,,
TWN,MAN YU CAI NO6,416006326,,,,,,1412.12,614.96,54.37,9.37,1938.22,,,,,,,,2.47,,,,
TWN,MIN FA YU,416002194,,0.14,,,,,792.69,,,,,,,,,,,,,,,
TWN,MING I MAAN NO168,416220900,,,,,,,1711.13,,,,,,,,,,,,,,,
TWN,MING JINN TSAI NO6,416002156,,,,,,,,145.01,,,,,,,,,,,,,,
TWN,MING MAAN SHYANG 86,416219700,,,,,,165.12,918.455,568.1,,,,,14.98,,,0.91,,,,,0.18,
TWN,MING TSAIR CHYUU NO,416000985,,,,,,,,35.81,,,,,,,,,,,,,,
TWN,MING TSAIR FA NO 7,416003066,,,,,,,,2592.19,,,,,,,,,,,,,,
TWN,MING TSAIR FA NO10,416076700,,,,,,2094.93,730.88,13.6,,1123.16,,,,,,,,,,,,
TWN,MING TSAIR FA NO60,416002232,,,,,,1867.245,,364.02,,971.27,,,,,,,,,,,,
TWN,NAN,416000275,,,,,,,,39.78,,,,,,,,,,,,,,
TWN,NAN,416000447,,,,,,,,,,,,,,,45.16,,,,,,,
TWN,NAN,416000598,,,,,,535.53,,,,,,,,,,,,,,,,
TWN,NAN,416000846,,,,,,,,77.66,,,,,,,,,,,,,,
TWN,NAN,416001054,,,,,,,,2.24,,,,,,,,,,,,,,
TWN,NAN,416002015,,,,,,,,66.76,,,,,,,,,,,,,,
TWN,NAN,416002149,,,,,,,,70.01,,,,,,,,,,,,,,
TWN,NAN,416002481,,,,,,,,75.51,,,,,,,,,,,,,,
TWN,NAN,416002491,,,,,,,,334.66,,,,,,,,,,,,,,
TWN,NAN,416002973,,,,,,,,27.01,,,,,,,,,,,,,,
TWN,NAN,416002989,,,,,,,,13.78,,,,,,,,,,,,,,
TWN,NAN,416003484,,,,,,,,15.07,,,,,,,,,,,,,,
TWN,NAN,416003575,,,,,,,,,,,,,,,,,,,,,,200.75
TWN,NAN,416003636,,,,,,,,5.41,,,,,,,,,,,,,,
TWN,NAN,416003677,,,,,,,165.62,,,,,,,,,,,,,,,
TWN,NAN,416009125,,,,,,,,,,,,,,,,,,1.67,,,,
TWN,NAN,416127600,,,,,,,,,,,,,,,,,,,,,,37.18
TWN,NAN,416227800,,,,,,,657.37,,,,,,,,,,,,,,,
TWN,NIAN SHENG NO168,416004242,,,,,,34.17,,,,1208.09,,,576.14,237.37,,1.58,,,,,2.29,
TWN,NIAN SHENG NO3,416220600,,,,,,22.69,,,,583.91,,,274.35,246.0,,,,,,4.68,,
TWN,RIH YUE SING NO3,416000805,,,,,,,,102.84,,,,,,,,,,,,,,
TWN,SAN LAI FA NO 26,416127700,,,,,,,,,,530.78,,,,,,,,,,,,4347.72
TWN,SAN LAI FA NO21,416127600,,,,,,,,,,228.66,,,,,,,,,,,,405.41
TWN,SAN LIAN FA NO1,416004268,,,,,,,,,,170.01,,,,,,,,,,,,2024.82
TWN,SAN LIAN FA NO18,416002681,,,,,,,,,,465.39,,,,,,,,,,,,3365.54
TWN,SAN SHENG FA,416004073,,,,,,,,,,922.25,,,,,,,,,,,,4764.14
TWN,SAN SHENG FA NO TIEN,416069700,,,,,,,,,,166.64,,,,,,,,2.56,,,,5340.4
TWN,SAN SHENG FA NO3,416193900,,,,,,,,,,132.95,,,,,,,,,,,,2876.59
TWN,SAN ZAI FA NO12,416003955,,,,,,,,,,,,,,,,,,,,,,1513.4
TWN,SAN ZAI FA NO15,416004044,,,,,,,,,,863.04,,,,,,,,0.56,,,,4373.69
TWN,SAN ZAI FA NO6,416003575,,,,,,,,,,600.78,,,,,,,,,,,,2102.08
TWN,SHANG SHUN 168,416349000,,,,,,,,,,,,,0.99,,,,,,,,,
TWN,SHEN LONG YU NO61,416000775,,,,,,,984.015,100.3,,,,5.86,,,,,,,,,,
TWN,SHENG CHI FA,416000228,,,,,,,,391.73,,,,,,,,,,,,,,
TWN,SHENG CHI HUEI NO12,416002766,,,,,,370.44,,1495.76,,,,,,,3.64,,,,,,,
TWN,SHENG CHI HUI NO2,416002989,,,,,,1000.95,,2499.29,,,,,,,,,,,,,,
TWN,SHENG CHI HUI NO7,416002973,,,,,,886.44,,1768.41,,,,,,,,,,,,,,
TWN,SHENG FENG NO168,416000598,,,,,,418.81,,,,,,,,,,,,,,,,
TWN,SHENG FENG NO176,416003162,,,,,,,2090.1,,,,,,,,,,,,,,,
TWN,SHENG FENG NO215,416003189,,,,,,,798.96,2.13,1.38,,,,,,,,,,,,,
TWN,SHENG FENG NO266,416004339,,,,,,,1262.87,27.37,,,,,,,,,,,,,,
TWN,SHENG FENG NO28,416003386,,,,,,,,305.06,,,,,,,,,,,,,,
TWN,SHENG FONG 168,416000598,,,,,,2122.91,,22.62,,,,,,,,,,,,,,
TWN,SHENG FU JIN,416002633,,,,,,1266.69,,51.61,,,,,,,,,,,,,,
TWN,SHENG I HSING ON16,416000351,,,,,,,,168.12,,,,,,,,,,,,,,
TWN,SHENG I TSAI NO 868,416004411,,,,,,,58.63,19.97,,,,,,,,,,,,,,
TWN,SHENG I TSAI NO168,416002556,,1.88,,,,,1173.605,,,,,,,,,,,,,,,
TWN,SHENG I TSAI NO368,416002858,,,,,,,1974.31,1.04,,,,,,,,,,,,,,
TWN,SHENG I TSAI NO668,416001245,,0.54,,,,,1001.95,,,,,,,,,,,,,,,
TWN,SHENG I TSAI NO888,416230500,,,,,,,2400.05,9.81,,,,,,,,,,,,,,
TWN,SHENG I TSIA NO268,416002859,,,,,,,2406.49,,6.8,,,,,,,,,,,,,
TWN,SHENG JYI HUEI,416003466,,,,,,946.84,,1827.86,,,,,,,,,,,,,,
TWN,SHENG JYI HUEI NO16,416003466,,,,,,,,91.88,,,,,,,,,,,,,,
TWN,SHENG LIAN SHIANG 1,416004043,,,,,,752.88,677.37,58.75,,10.22,,,,567.11,,,,,,0.66,1.36,
TWN,SHENG MAN FENG,416002506,,,,,,,921.93,137.8,,,,,,,,,,,,,,
TWN,SHENG TAAN SHYANG,416000201,,,,,,,,206.85,,,,,,,,,,,,,,
TWN,SHENG YI CAI NO113,416000247,,1.85,,,,,1755.21,,,,,,,,,,,,,,,
TWN,SHENG YI CAI NO166,416219600,,0.65,,,,,757.44,360.61,,,,,,,,,,,,,,
TWN,SHENG YI CAI NO33,416002682,,56.92,,,,,2408.2,,0.95,,,,,,,,,,,,,
TWN,SHENG YIH CHUN NO3,416000385,,,,,,,,674.75,,,,,,,,,,,,,,
TWN,SHENG YU,416002117,,,,,,,,1174.1,,,,,,,,,,,,,,
TWN,SHENG YU NO36,416000594,,,,,,,881.1,,,,,,,,,,,,,,,
TWN,SHENG YU NO38,416001558,,,,,,,632.71,,,,,,,,,,,,,,,
TWN,SHENG YU NO66,416003735,,,,,,,481.27,,,,,,,,,,,,,,,
TWN,SHENQ BAO FA NO168,416003742,,,,,,,,,,,,,1532.91,1117.36,,,,,,,,
TWN,SHENQ JYI FA 13,416002491,,,,,,1831.7,,512.22,,,,,,,,,,,,,,
TWN,SHIN JAAN SHIN,416002548,,,,,,,,,,,,,1101.16,495.69,,,,,,,,
TWN,SHIN JAAN SHIN NO7,416003105,,,,,,,72.23,,,67.97,,,22.45,,,0.28,,,,,,
TWN,SHIN JIANN LIH,416001774,,,,,,,,2658.69,,,,,,,,,,,,,,
TWN,SHIN JYI WANG NO6,416002569,,,,,,,,,,,,,570.53,,,,,,,,,
TWN,SHIN SHENG CHING 18,416000832,8530805,,,,,,,4675.54,,,,,,,,,,,,,,
TWN,SHIN SHENG CHING 99,416232800,,,,,,700.31,,3645.18,,,,,,,,,,,,,,
TWN,SHIN SHENG CHING NO1,416000754,,,,,,729.5,,2581.07,,,,,,,,,,,,,,
TWN,SHIN SHENG CHINQ 126,416000834,,,,,,,,46.8,,,,,,,,,,,,,,
TWN,SHIN SHENQ HER,416002800,,,,,,,,160.97,,,,,,,,,,,,,,
TWN,SHINSHENGCHING NO18,416000832,,,,,,,,68.64,,,,,,,,,,,,,,
TWN,SHUI HO CHENG,416000154,,,,,,,497.8,0.77,,,,,,,,,,,,,,
TWN,SHUI HO CHENG 6,416003869,8530269,,,,,,691.06,521.0,,244.24,,2.09,,,,,,,,,,
TWN,SHUI HO CHENG NO6,416003869,,,,,,177.26,479.92,1223.25,,236.04,,,,,,0.28,,,,,,
TWN,SHUI HO CHENG NO8,416221700,,,,,,,1772.6,1745.52,,,,,,,,,,,,,,
TWN,SHUN JIE,416006196,,,760.435,,,,,,,,,,,,,,,,,,,
TWN,SHUN RONG NO168,416008628,,3.87,,,,,,,,,,,295.61,,,73.81,,,,,5.76,
TWN,SHUN RONG NO268,416010072,,9.95,,,,,,0.5,,,,,494.75,,,,,,,,,
TWN,SHUN RONG NO88,416001048,,,,,,4.13,,1.04,,,,,787.79,,,22.81,,,,,,
TWN,SHUN RONH NO168,416008626,,,,,,,,,,,,,7.59,,,4.32,,,,,2.97,
TWN,SHUN SHENG NO588,416005482,,,,,,,,,,,,,209.81,,,,,,,,,
TWN,SHUN WUN FA NO168,416003677,,,,,,1440.3200000000002,,325.65,,,,,,,,2.43,,,,,,
TWN,SHUN YI SIN,416003315,,,,,,,1846.64,,,,,,,,,,,,,,,
TWN,SIN RUEI FONG NO3,416002759,,,,,,,,524.12,,,,,,,,,,,,,,
TWN,SIN RUEI FONG NO88,416002893,,,,,,,,687.93,,,,,,,,,,,,,,
TWN,SIN SAN CHING NO101,416000836,,,,,,,,4653.22,,,,,,,,,,,,,,
TWN,SING MAN YI,416002116,,,,,,,293.06,,,,,,,236.33,,,,,8.45,,,
TWN,SING MAN YI NO188,416005826,,,,,,,,,,,,,,16.41,,,,,,,,
TWN,SING MAN YI NO3,416230800,,,,,,,,,,1525.52,33.32,,,1317.41,,,,,1.83,1.04,,
TWN,SNOEI DEI TSAI,416888974,,,,,,,,175.22,,,,,,,,,,,,,,
TWN,SNOEI_DEI_TSAI,416000974,,,,,,,,497.45,,,,,,,,,,,,,,
TWN,TE CHENG NO16,416004084,,,,,,256.11,,,,1981.0,,,,,,,,,,,,
TWN,TE YUN NO16,416004084,,,,,,359.92,,,,208.89,,,,,,,,,,,,
TWN,TENN FA LI NO8,416001037,8537463,,,,,,,,,,,,1782.17,,,,,,,,,
TWN,TENN TSAI JI,416010331,,,,,,,,0.64,,74.36,,,1829.2,28.99,,12.38,14.69,,,5.6,,
TWN,TIAN HER FA,416000238,,,,,,,336.72,,,,,,,,,,,,,,,
TWN,TIEN FA TSAI NO99,416000737,,,,,,398.81,,99.95,,,,,,,,,,,,,,
TWN,TSAIR SHUN LI,416000471,,,,,,,,190.33,,,,,,,,,,,,,,
TWN,VIVA FAFA707,416714000,9035254,,,,,,,,,,,,,,,,,119.73,,,,4.1
TWN,WAN ZHAO NO168,416000993,,,,,,,,29.97,,,,,,,,,,,,,,
TWN,WAN ZHAO NO88,416003948,,,,,,,,402.64,,,,,,,,,,,,,,
TWN,WANN FA CHERNG NO11,416000977,,,,,,,,36.05,,,,,,,,,,,,,,
TWN,WANN YIH TZAY,416000391,,,,,,,,128.54000000000002,,,,,,,,,,,,,,
TWN,WEN DAR NO3,416004797,,,,,,,2394.95,30.22,0.19,,,,,,,,,,,,,
TWN,WIN FAR 626,416500000,8747240,16.35,,,,,,,,,,,,,,20.87,,67.89,,,3.03,11.17
TWN,WIN FAR 636,416898000,8747252,,,,,,,,,,,,,,,17.94,,7.24,,,,
TWN,WIN FOREVER NO:707,416005557,,,,,,,,,,,,,,,,6.27,,23.81,,,,0.71
TWN,WIN RICH 707,416005556,9868637,,,,,,,,,,,,,,,5.8,,193.17,,,,
TWN,WIN THAISHUN NO707,416234800,,,,,,,,,,,,,,,,,,543.63,,,,
TWN,WIN-FAR-NO628,416255700,8597669,,,,,,,,,,,,,,,10.07,,,,,,
TWN,YEOU JYI FA,416000236,,,,,,,184.62,940.66,,,,,,,,,,,,,,
TWN,YI  FENG  NO816,416002631,,,,,,2450.61,185.51,583.74,,466.96,,,,,,4.54,,,,,,
TWN,YI FENG NO681,416196500,,,,,,2012.81,,,,2896.01,,,,,,,,,,,,
TWN,YI FENG NO682,416218500,,,,,,1373.25,,615.44,,3427.11,,,,,,2.41,,,,,,
TWN,YI FENG NO826,416001943,,,,,,1606.77,330.18,686.62,,2423.9,,,,,,0.98,,,,,,
TWN,YI MAN,416231500,,,,,,640.36,,1136.47,,1451.52,,,,,,8.25,,,,,,
TWN,YI MAN NO3,416004299,,,,,,25.55,14.94,31.38,,863.43,,,,,,,,,,,,
TWN,YI MAN NO8,416004158,,,,,,454.83,565.32,1163.08,,1241.86,,,,31.85,,0.71,,,11.88,,,
TWN,YI RONG BO168,416005686,,1.73,,,,,3.41,,,,,,,,,,,,,,,
TWN,YI RONG NO16,416002195,,,,,,1526.22,,37.34,,123.94,,,,,,,,,,,,
TWN,YI RONG NO268,416008922,,6.42,,,,,5.63,,,,,,,,,,,,,,,
TWN,YI RONG NO3,416004409,,,,,,311.75,,83.88,,3337.65,,,,446.01,,,,,2.9,0.74,,
TWN,YI RONG NO6,416237600,,,,,,596.75,,0.25,,1236.165,,,,527.2,,1.95,,,8.4,,0.56,
TWN,YI SHUN,416368000,,,,,,,3.98,,,,,,,,,,,,,,,
TWN,YI SHUNN,416000947,,,,,,,,1253.66,,,,,,,16.77,,,,,,,
TWN,YI SIANG NO 1,416004582,,,,,,,,,,,,,,,,,,,,,,2044.23
TWN,YI SIANG NO128,416249600,,,,,,,,,,,,,,,,,,,,,,152.79
TWN,YI SIANG NO168,416009377,,,,,,,,,,,,,,,,,,,,,,843.82
TWN,YI SIANG NO6,416003984,,,,,,,,,,,,,,,,,,,,,,784.7199999999999
TWN,YI SIANG NO8,416004453,,,,,,,,,,523.7,,,,,,,,,,,,1724.11
TWN,YI TIAN,416142600,,,,,,,2.04,,,,,,,13.96,,,,,9.93,10.72,,
TWN,YING RONG NO 638,416176700,,0.41,,,,,,1.48,,,,,38.34,63.02,,,,,,,,
TWN,YONG FU FA N@18,416006662,,,,,,171.59,,,,2817.75,,,,,,,,,,,,
TWN,YONG FU FA NO 18,416006662,,,,,,164.24,,,,527.31,,,,,,,,,,,,
TWN,YOU HER FA,416002557,,,,,,,,1060.88,,,,,,,,,,,,,,
TWN,YOU JIAN TSAIR,416003356,,,,,,,,129.59,,,,,,,,,,,,,,
TWN,YU  FU,416000986,,,,,,,2659.13,0.2,,,,,,,,,,,,,,
TWN,YU CHUN NO166,416002605,,,,,,,580.89,1195.77,,,,,,,,,,,,,,
TWN,YU FA YI NO8,416002251,,,,,,,,613.16,,,,,,,,,,,,,,
TWN,YU FENG NO128,416002051,,,,,,,,,,26.009999999999998,,,858.685,146.83,,,,,,,,
TWN,YU FENG NO13,416000069,,,,,,,,,,1.65,,,1473.15,1185.12,,1.34,,,,5.88,2.11,
TWN,YU FENG NO33,416002198,,,,,,,720.4749999999999,29.09,,,,,,,,,,,,,,
TWN,YU FENG NO513,416235700,,,,,,,,,,,,,35.63,,,,,,,,,
TWN,YU LONG FA NO168,416002581,,,,,,,,,,,,,2769.86,,,,,,,,,
TWN,YU LONG FA NO22,416002783,,,,,,,,,,,,,2037.27,235.45,,,,,,,,
TWN,YU LONG FA NO36,416198500,,,,,,,,,,,,,1723.69,1347.14,,,,,,23.77,,
TWN,YU LONG NO2,416002731,,,,,,,527.61,119.6,,,,,,,,,,,,,,
TWN,YU MAN CHUN,416000761,,,,,,,,16.093333333333334,,,,,,,,,,,,,,
TWN,YU SHENG FUN,416000699,,,,,,1963.94,,744.02,,,,,,,,,,,,,,
TWN,YU SHUN NO668,416237800,8777908,,,,,,,1297.38,,,,,,,,,,,,,,
TWN,YUAN LONG,416009187,,,,,,,8.73,244.23,0.05,,,,,,,5327.66,,,,,,
TWN,YUAN SHENG NO868,416003647,,0.7,,,,,5675.85,327.45,,,,,,,,,,,,,,
TWN,ZAI SHENG FENG,416000622,,,,,,,,341.67,,,,,,,,,,,,,,
TWN,ZAO FU CHANG,416664500,,,,,,,,85.74,,,,,,,,,,,,,,
TWN,ZHEN FENG NO2,416003869,,,,,,,138.78,,0.81,,,,,,,,,,,,,
TWN,ZHEN FENG NO8,416002492,,,,,,666.0,,68.1,,,,,,,,3.56,,,,,,
TWN,ZHI JI FENG NO6,416002445,,,,,,,1012.15,,11.99,,,,,,,,,,,,,
USA,CAPE FERRAT,338712000,7803267,,6.74,,,,,,,,,,8.92,,,,3.08,,,49.39,14.33,
USA,CAPE FINISTERRE,367133000,7912094,,,,,,,,,,,,29.19,,,,9.53,,,,,
USA,CAPTAIN MINH,367479170,,,,,,,,,,,,,0.89,,,,0.47,,,,,
USA,FIR,369289000,,9.9,,,,,15.17,,,,,,,,15.24,105.73,,,,,,
USA,OCEAN CONQUEST,367767000,9097343,5.6,,,,,,,,,,,,,,9.2,,2.64,,,,
USA,OCEAN EXPEDITION,367179000,9097367,16.4,,5.21,,,,,,,,,,,,17.61,,14.43,,,,
VAT,NAN,208010179,,,,,721.13,,,,,,,,,,,,,,,,,
VUT,BOADA NO5,576699000,,,,,,,,,,,,,308.8,,,,,,,,,
VUT,DA WEN,576737000,,,,,,,,,,,,,6.02,,,,,,0.17,,,
VUT,DA YU NO2,576682000,,,,,,,,,,,,,,,,,,,6.75,,,
VUT,GLORY NO8,577146000,,0.24,,,,,,,,,,,,,,,,,,,,
VUT,GRAND EAST,577319000,,,,,,,,,,,,,,266.97,,,,,,,,
VUT,LONG BOW NO1,576770000,,,,,,,,,,,,,145.04,6.78,,,,,1.5,,,
VUT,LONGBOW NO7,576638000,8956683,,,,,,,,,,,,,56.31,,,,,1.11,,,
VUT,LY SON 369,577597000,8564179,,,,13.07,,,,,,,,,,,,,,,,,
VUT,SERENA 1,576575000,9220299,,,,,,,,,,,,,,,,,,,,,7.81
VUT,SERENA 2,576825000,8996102,,,,,,,,,,,,,,,,,11.58,,,,8.49
VUT,TUNA PEAK NO66,576890000,,,,,,,,,,,,,,10.43,,,,,,,,
VUT,TUNAGO NO52,576609000,,,,,,,,,,,,,,4.33,,,,,,,,
VUT,VIVA GOGO 707,576574000,,,,,,,,,,,,,,,,,,0.34,,,,
VUT,WIN HARVEST 707,577384000,,,,,,,,,,,,,,,,,,12.92,,,,
VUT,WIN HOPE 707,577477000,9945368,,,,,,,,,,,,,,,18.77,,,,,,
VUT,WIN WIN 707,577262000,,,,,,,,,,,,,,,,,,1.02,,,,1.02
VUT,YI SHUN NO102,576850000,,,,,,136.1,,0.32,,112.04,,,,114.98,,,,,,,,
,106MK20109-99%,91060109,,,,,,68.75,,,,,,,,,,,,,,,,
,107000030     [75V],107000030,,,,,,,,,,,,,,,,,,,263.83,,,
,107000208,107000208,,,,,,,,,,,,,116.99,,,,,,,,,
,107000242,107000242,,,,,,,,,,,,,108.63,87.91,,,227.44,,,,,
,107000257,107000257,,,,,,,,,,,,,,,,,,,,,1440.6,
,107000259,107000259,,,,,,,,,,593.91,,,,,,,,,,,1582.74,
,107000262,107000262,,,,,,,,,,,,,159.44,44.77,,,234.26,,,,,
,108000318,108000318,,,,,2065.99,,,,,130.99,23.25,,,,,,,,,,,
,108060517,108060517,,,,,1489.42,,,,,517.17,219.14,,,,,,,,,,,
,108060518,108060518,,,,,1206.34,,,,,430.77,303.63,,,,,,,,,,,
,108060520,108060520,,,,,2041.83,,,,,2092.23,456.25,,,,,,,,,,,
,160000020,160000020,,,,,,416.47,,1556.28,,,,,,,,,,,,,,
,589,990000589,,,,,,,,,,70.18,,,,,,,,1575.86,,,,
,700000004         9V,700000004,,,,,,,,,,,,,,147.33,,,,,,,,
,BEN10,600014098,,,,,,,,,,,,,,,,,,,3502.56,,,
,FYC-9           (63),98354777,,,,,,,99.3,,,,,,,,,,,,,,,
,HOSM AIS TEST SHIP,987727004,,,,,1066.26,,,,,,195.78,,485.71,,,,,,2.83,,,1843.09
,HOSM AIS TEST SHIP,987806004,,,,,649.86,,,,,,205.83,,,,,,,,,,,1273.39
,HOSM AIS TEST SHIP,987808006,,,,,,,,,,,,,,,,,,,,,,809.95
,HOSM AIS TEST SHIP,987812004,,,,,,,,,,,,,,,,,,,,,,570.08
,JIN FENG 6-18   (99),98354321,,,,,,,,,,118.04,,,46.27,126.27,,,181.9,,,,349.85,
,JIN FENG 6-21   (99),98354360,,,,,,,,,,124.65,,,67.71,77.47,,,151.98,,,,288.16,
,JIN FENG 6-23   (70),98354364,,,,,,,,,,111.71,,,53.72,104.15,,,139.6,,,,213.86,
,JINXIANG12-1,880012001,,,,,,,,,,,,,102.43,87.81,,,,,,,,
,LEARNED RESPONSE 2,985387521,,,252.17,,,,,,,,,,,,,,,,,,,
,LRYY13709,108010245,,,,,1072.17,,,,,1332.73,527.29,,,,,,,,0.0,,,
,LRYY13710,108010234,,,,,875.21,,,,,1324.87,563.22,,,,,,,,,,,22.19
,LRYY13712,108010243,,,,,2170.81,,,,,1916.4,399.07,,,,,,,,,,,
,LRYY617   5   [100%],1234565,,,,,1044.29,,,,,1710.08,974.75,,,,,,,,,,,
,NAN,200005899,,,,,,,,612.2,,,,,,,,,,,,,,
,NAN,200017179,,,,,,,,779.14,,,,,,,,,,,,,,
,NAN,200017198,,,,,,,,212.04,,,,,,,,,,,,,,
,NAN,200017227,,,,,,,,36.94,,,,,,,,,,,,,,
,NAN,200021441,,,,,,,,241.73,,,,,,,,,,,,,,
,NAN,200023340,,,,,,839.5,,1043.55,,,,,,,,,,,,,,
,NAN,200058620,,,,,,41.52,,,,,,,,,,,,,,,,
,NAN,493000000,,,,,,,,,,127.26,,,,,,,,3952.64,11.92,,,
,NAN,700000002,,,,,,,,32.74,,,,,,,,,,,,,,
,NAN,990000299,,,,,,,,,,629.67,,,,,,,,2420.8,,,,
,NAN,,,,,,182.49,,,,,,38.4,,,,,,,,0.9,,,
,NET MARK-ZYY2605-01,98344714,,,,,,,,,,,,,643.93,909.21,,,790.19,,,773.32,,
,NET MARK-ZYY2605-03,98344773,,,,,,,,,,44.39,,,166.57,810.7,,,,,,793.34,,
,NETFISH856-16-60%,898333016,,,,,,148.27,,2.77,,,,,,,,,,,,,,
,NEW CANOE,554126120,9746281,6.27,,47.45,,,,,,,,,,,,0.25,,3.66,,,,
,QING YI WANG,200023437,,,,,,,,449.92,,,,,,,,,,,,,,
,SH,990000297,,,,,,,,,,655.11,,,,,,,,1464.47,,,,
,SH,990000298,,,,,,,,,,208.1,,,,,,,,764.99,,,,
,SWD769-6  100%,398127932,,,,,,,,,,,,,,,,,,1228.76,,,,
,SWD769-6  68%,398127932,,,,,,,,,,,,,,,,,,42.3,,,,
,SWD769-6  92%,398127932,,,,,,,,,,,,,,,,,,34.63,,,,
,TAI PING YANG 03-8,98354267,,784.5,,,,,,,,,,,,,,,,,,,,
,TIAN--XIANG168,122999911,,,,,692.8,,,,,84.01,895.95,,,,,,,,14.88,,,2.39
,WANGBIAO-8055  100%,398108055,,,,,275.14,,,,,,311.05,,,,,,,,,,,
,WINFULL31,700056923,,,,,,,,,,,,,,,,,,,440.91,,,
,XENA,985387520,,,705.45,,,,,,,,,,,,,,,,,,,
,XIN SHI JI 66-2 (99),98354126,,,,,,,,,,,,,,,,,29.35,,,,,
,XIN SHI JI 70-6A,98345873,,,,,,,,,,,,,1.15,,,,108.78,,,,,
,XIN SHI JI 70-8A,98345891,,,,,,,,,,,,,,,,,133.5,,,,134.53,
,ZHONGRONG13CHUAN-17,98520934,,,,,1433.86,,,,,,143.89,,,,,,,,,,,
,ZHOUYUANYU2608 90%,1073741802,,,,,,,,,,,,,40.24,,,,581.24,,,,,
,ZHOUYUANYU2608 90%,1073741804,,,,,,,,,,,,,206.12,27.5,,,813.72,,,,,
,ZHOUYUANYU2608 90%,1073741805,,,,,,,,,,,,,32.42,16.89,,,404.15,,,,,
,ZHOUYUANYU2608 90%,1073741807,,,,,,,,,,,,,134.06,15.8,,,556.46,,,,,
,ZHOUYUANYU2608 90%,1073741809,,,,,,,,,,,,,,46.02,,,,,,340.68,,
,ZHOUYUANYU2608 90%,1073741814,,,,,,,,,,,,,104.12,273.26,,,62.54,,,629.77,,
,ZHOUYUANYU2608 90%,1073741819,,,,,,,,,,,,,,80.01,,,,,,190.74,,
